[
  {
    "name": "Process Start",
    "start": 1640855396668,
    "end": 1640855400027,
    "duration": 3359,
    "pid": 8508,
    "index": 0
  },
  {
    "name": "Application Start",
    "start": 1640855400028,
    "end": 1640855402908,
    "duration": 2880,
    "pid": 8508,
    "index": 1
  },
  {
    "name": "Load Plugin",
    "start": 1640855400044,
    "end": 1640855400121,
    "duration": 77,
    "pid": 8508,
    "index": 2
  },
  {
    "name": "Load Config",
    "start": 1640855400121,
    "end": 1640855400191,
    "duration": 70,
    "pid": 8508,
    "index": 3
  },
  {
    "name": "Require(0) config/config.default.js",
    "start": 1640855400123,
    "end": 1640855400124,
    "duration": 1,
    "pid": 8508,
    "index": 4
  },
  {
    "name": "Require(1) node_modules/egg-session/config/config.default.js",
    "start": 1640855400127,
    "end": 1640855400129,
    "duration": 2,
    "pid": 8508,
    "index": 5
  },
  {
    "name": "Require(2) node_modules/egg-security/config/config.default.js",
    "start": 1640855400130,
    "end": 1640855400132,
    "duration": 2,
    "pid": 8508,
    "index": 6
  },
  {
    "name": "Require(3) node_modules/egg-jsonp/config/config.default.js",
    "start": 1640855400134,
    "end": 1640855400135,
    "duration": 1,
    "pid": 8508,
    "index": 7
  },
  {
    "name": "Require(4) node_modules/egg-onerror/config/config.default.js",
    "start": 1640855400137,
    "end": 1640855400138,
    "duration": 1,
    "pid": 8508,
    "index": 8
  },
  {
    "name": "Require(5) node_modules/egg-i18n/config/config.default.js",
    "start": 1640855400140,
    "end": 1640855400142,
    "duration": 2,
    "pid": 8508,
    "index": 9
  },
  {
    "name": "Require(6) node_modules/egg-watcher/config/config.default.js",
    "start": 1640855400143,
    "end": 1640855400145,
    "duration": 2,
    "pid": 8508,
    "index": 10
  },
  {
    "name": "Require(7) node_modules/egg-schedule/config/config.default.js",
    "start": 1640855400146,
    "end": 1640855400147,
    "duration": 1,
    "pid": 8508,
    "index": 11
  },
  {
    "name": "Require(8) node_modules/egg-multipart/config/config.default.js",
    "start": 1640855400149,
    "end": 1640855400150,
    "duration": 1,
    "pid": 8508,
    "index": 12
  },
  {
    "name": "Require(9) node_modules/egg-development/config/config.default.js",
    "start": 1640855400152,
    "end": 1640855400153,
    "duration": 1,
    "pid": 8508,
    "index": 13
  },
  {
    "name": "Require(10) node_modules/egg-logrotator/config/config.default.js",
    "start": 1640855400154,
    "end": 1640855400156,
    "duration": 2,
    "pid": 8508,
    "index": 14
  },
  {
    "name": "Require(11) node_modules/egg-static/config/config.default.js",
    "start": 1640855400157,
    "end": 1640855400158,
    "duration": 1,
    "pid": 8508,
    "index": 15
  },
  {
    "name": "Require(12) node_modules/egg-view/config/config.default.js",
    "start": 1640855400160,
    "end": 1640855400161,
    "duration": 1,
    "pid": 8508,
    "index": 16
  },
  {
    "name": "Require(13) node_modules/egg-sequelize/config/config.default.js",
    "start": 1640855400163,
    "end": 1640855400164,
    "duration": 1,
    "pid": 8508,
    "index": 17
  },
  {
    "name": "Require(14) node_modules/egg-validate/config/config.default.js",
    "start": 1640855400166,
    "end": 1640855400167,
    "duration": 1,
    "pid": 8508,
    "index": 18
  },
  {
    "name": "Require(15) node_modules/egg-cors/config/config.default.js",
    "start": 1640855400168,
    "end": 1640855400170,
    "duration": 2,
    "pid": 8508,
    "index": 19
  },
  {
    "name": "Require(16) node_modules/egg/config/config.default.js",
    "start": 1640855400171,
    "end": 1640855400173,
    "duration": 2,
    "pid": 8508,
    "index": 20
  },
  {
    "name": "Require(17) config/config.default.js",
    "start": 1640855400176,
    "end": 1640855400176,
    "duration": 0,
    "pid": 8508,
    "index": 21
  },
  {
    "name": "Require(18) node_modules/egg-security/config/config.local.js",
    "start": 1640855400178,
    "end": 1640855400179,
    "duration": 1,
    "pid": 8508,
    "index": 22
  },
  {
    "name": "Require(19) node_modules/egg-watcher/config/config.local.js",
    "start": 1640855400181,
    "end": 1640855400182,
    "duration": 1,
    "pid": 8508,
    "index": 23
  },
  {
    "name": "Require(20) node_modules/egg-view/config/config.local.js",
    "start": 1640855400186,
    "end": 1640855400187,
    "duration": 1,
    "pid": 8508,
    "index": 24
  },
  {
    "name": "Require(21) node_modules/egg/config/config.local.js",
    "start": 1640855400190,
    "end": 1640855400191,
    "duration": 1,
    "pid": 8508,
    "index": 25
  },
  {
    "name": "Load extend/application.js",
    "start": 1640855400193,
    "end": 1640855400269,
    "duration": 76,
    "pid": 8508,
    "index": 26
  },
  {
    "name": "Require(22) node_modules/egg-session/app/extend/application.js",
    "start": 1640855400196,
    "end": 1640855400198,
    "duration": 2,
    "pid": 8508,
    "index": 27
  },
  {
    "name": "Require(23) node_modules/egg-security/app/extend/application.js",
    "start": 1640855400201,
    "end": 1640855400205,
    "duration": 4,
    "pid": 8508,
    "index": 28
  },
  {
    "name": "Require(24) node_modules/egg-jsonp/app/extend/application.js",
    "start": 1640855400208,
    "end": 1640855400213,
    "duration": 5,
    "pid": 8508,
    "index": 29
  },
  {
    "name": "Require(25) node_modules/egg-logrotator/app/extend/application.js",
    "start": 1640855400222,
    "end": 1640855400228,
    "duration": 6,
    "pid": 8508,
    "index": 30
  },
  {
    "name": "Require(26) node_modules/egg-view/app/extend/application.js",
    "start": 1640855400231,
    "end": 1640855400235,
    "duration": 4,
    "pid": 8508,
    "index": 31
  },
  {
    "name": "Load extend/request.js",
    "start": 1640855400269,
    "end": 1640855400381,
    "duration": 112,
    "pid": 8508,
    "index": 32
  },
  {
    "name": "Require(27) node_modules/egg/app/extend/request.js",
    "start": 1640855400290,
    "end": 1640855400298,
    "duration": 8,
    "pid": 8508,
    "index": 33
  },
  {
    "name": "Load extend/response.js",
    "start": 1640855400381,
    "end": 1640855400534,
    "duration": 153,
    "pid": 8508,
    "index": 34
  },
  {
    "name": "Require(28) node_modules/egg/app/extend/response.js",
    "start": 1640855400504,
    "end": 1640855400512,
    "duration": 8,
    "pid": 8508,
    "index": 35
  },
  {
    "name": "Load extend/context.js",
    "start": 1640855400534,
    "end": 1640855400959,
    "duration": 425,
    "pid": 8508,
    "index": 36
  },
  {
    "name": "Require(29) node_modules/egg-security/app/extend/context.js",
    "start": 1640855400536,
    "end": 1640855400669,
    "duration": 133,
    "pid": 8508,
    "index": 37
  },
  {
    "name": "Require(30) node_modules/egg-jsonp/app/extend/context.js",
    "start": 1640855400670,
    "end": 1640855400683,
    "duration": 13,
    "pid": 8508,
    "index": 38
  },
  {
    "name": "Require(31) node_modules/egg-i18n/app/extend/context.js",
    "start": 1640855400686,
    "end": 1640855400703,
    "duration": 17,
    "pid": 8508,
    "index": 39
  },
  {
    "name": "Require(32) node_modules/egg-multipart/app/extend/context.js",
    "start": 1640855400708,
    "end": 1640855400917,
    "duration": 209,
    "pid": 8508,
    "index": 40
  },
  {
    "name": "Require(33) node_modules/egg-view/app/extend/context.js",
    "start": 1640855400921,
    "end": 1640855400926,
    "duration": 5,
    "pid": 8508,
    "index": 41
  },
  {
    "name": "Require(34) node_modules/egg-validate/app/extend/context.js",
    "start": 1640855400930,
    "end": 1640855400931,
    "duration": 1,
    "pid": 8508,
    "index": 42
  },
  {
    "name": "Require(35) node_modules/egg/app/extend/context.js",
    "start": 1640855400934,
    "end": 1640855400936,
    "duration": 2,
    "pid": 8508,
    "index": 43
  },
  {
    "name": "Require(36) app/extend/context.js",
    "start": 1640855400939,
    "end": 1640855400940,
    "duration": 1,
    "pid": 8508,
    "index": 44
  },
  {
    "name": "Load extend/helper.js",
    "start": 1640855400959,
    "end": 1640855401169,
    "duration": 210,
    "pid": 8508,
    "index": 45
  },
  {
    "name": "Require(37) node_modules/egg-security/app/extend/helper.js",
    "start": 1640855400962,
    "end": 1640855401045,
    "duration": 83,
    "pid": 8508,
    "index": 46
  },
  {
    "name": "Require(38) node_modules/egg/app/extend/helper.js",
    "start": 1640855401060,
    "end": 1640855401064,
    "duration": 4,
    "pid": 8508,
    "index": 47
  },
  {
    "name": "Require(39) app/extend/helper.js",
    "start": 1640855401067,
    "end": 1640855401150,
    "duration": 83,
    "pid": 8508,
    "index": 48
  },
  {
    "name": "Load app.js",
    "start": 1640855401169,
    "end": 1640855401310,
    "duration": 141,
    "pid": 8508,
    "index": 49
  },
  {
    "name": "Require(40) node_modules/egg-session/app.js",
    "start": 1640855401171,
    "end": 1640855401172,
    "duration": 1,
    "pid": 8508,
    "index": 50
  },
  {
    "name": "Require(41) node_modules/egg-security/app.js",
    "start": 1640855401173,
    "end": 1640855401179,
    "duration": 6,
    "pid": 8508,
    "index": 51
  },
  {
    "name": "Require(42) node_modules/egg-onerror/app.js",
    "start": 1640855401183,
    "end": 1640855401224,
    "duration": 41,
    "pid": 8508,
    "index": 52
  },
  {
    "name": "Require(43) node_modules/egg-i18n/app.js",
    "start": 1640855401226,
    "end": 1640855401270,
    "duration": 44,
    "pid": 8508,
    "index": 53
  },
  {
    "name": "Require(44) node_modules/egg-watcher/app.js",
    "start": 1640855401271,
    "end": 1640855401281,
    "duration": 10,
    "pid": 8508,
    "index": 54
  },
  {
    "name": "Require(45) node_modules/egg-schedule/app.js",
    "start": 1640855401283,
    "end": 1640855401287,
    "duration": 4,
    "pid": 8508,
    "index": 55
  },
  {
    "name": "Require(46) node_modules/egg-multipart/app.js",
    "start": 1640855401288,
    "end": 1640855401289,
    "duration": 1,
    "pid": 8508,
    "index": 56
  },
  {
    "name": "Require(47) node_modules/egg-development/app.js",
    "start": 1640855401290,
    "end": 1640855401291,
    "duration": 1,
    "pid": 8508,
    "index": 57
  },
  {
    "name": "Require(48) node_modules/egg-logrotator/app.js",
    "start": 1640855401292,
    "end": 1640855401293,
    "duration": 1,
    "pid": 8508,
    "index": 58
  },
  {
    "name": "Require(49) node_modules/egg-static/app.js",
    "start": 1640855401294,
    "end": 1640855401295,
    "duration": 1,
    "pid": 8508,
    "index": 59
  },
  {
    "name": "Require(50) node_modules/egg-sequelize/app.js",
    "start": 1640855401298,
    "end": 1640855401298,
    "duration": 0,
    "pid": 8508,
    "index": 60
  },
  {
    "name": "Require(51) node_modules/egg-validate/app.js",
    "start": 1640855401300,
    "end": 1640855401305,
    "duration": 5,
    "pid": 8508,
    "index": 61
  },
  {
    "name": "Require(52) node_modules/egg-cors/app.js",
    "start": 1640855401306,
    "end": 1640855401307,
    "duration": 1,
    "pid": 8508,
    "index": 62
  },
  {
    "name": "Before Start in node_modules/egg-watcher/lib/init.js:15:14",
    "start": 1640855401341,
    "end": 1640855402893,
    "duration": 1552,
    "pid": 8508,
    "index": 63
  },
  {
    "name": "Load \"Symbol(model)\" to Application",
    "start": 1640855402476,
    "end": 1640855402511,
    "duration": 35,
    "pid": 8508,
    "index": 64
  },
  {
    "name": "Before Start in node_modules/egg-sequelize/lib/loader.js:39:7",
    "start": 1640855402514,
    "end": 1640855402907,
    "duration": 393,
    "pid": 8508,
    "index": 65
  },
  {
    "name": "Load Service",
    "start": 1640855402515,
    "end": 1640855402534,
    "duration": 19,
    "pid": 8508,
    "index": 66
  },
  {
    "name": "Load \"service\" to Context",
    "start": 1640855402515,
    "end": 1640855402534,
    "duration": 19,
    "pid": 8508,
    "index": 67
  },
  {
    "name": "Load Middleware",
    "start": 1640855402534,
    "end": 1640855402745,
    "duration": 211,
    "pid": 8508,
    "index": 68
  },
  {
    "name": "Load \"middlewares\" to Application",
    "start": 1640855402534,
    "end": 1640855402725,
    "duration": 191,
    "pid": 8508,
    "index": 69
  },
  {
    "name": "Load Controller",
    "start": 1640855402745,
    "end": 1640855402824,
    "duration": 79,
    "pid": 8508,
    "index": 70
  },
  {
    "name": "Load \"controller\" to Application",
    "start": 1640855402745,
    "end": 1640855402824,
    "duration": 79,
    "pid": 8508,
    "index": 71
  },
  {
    "name": "Load Router",
    "start": 1640855402824,
    "end": 1640855402834,
    "duration": 10,
    "pid": 8508,
    "index": 72
  },
  {
    "name": "Require(53) app/router.js",
    "start": 1640855402824,
    "end": 1640855402825,
    "duration": 1,
    "pid": 8508,
    "index": 73
  },
  {
    "name": "Before Start in node_modules/egg-core/lib/egg.js:303:10",
    "start": 1640855402825,
    "end": 1640855402851,
    "duration": 26,
    "pid": 8508,
    "index": 74
  }
]