{
  "config": {
    "session": {
      "maxAge": 86400000,
      "key": "EGG_SESS",
      "httpOnly": true,
      "encrypt": true,
      "logValue": true,
      "overwrite": true,
      "signed": true,
      "autoCommit": true,
      "encode": "<Function encode>",
      "decode": "<Function decode>",
      "genid": "<Function v4>"
    },
    "security": {
      "domainWhiteList": [],
      "protocolWhiteList": [],
      "defaultMiddleware": "csrf,hsts,methodnoallow,noopen,nosniff,csp,xssProtection,xframe,dta",
      "csrf": {
        "enable": false,
        "type": "ctoken",
        "ignoreJSON": false,
        "useSession": false,
        "cookieName": "csrfToken",
        "sessionName": "csrfToken",
        "headerName": "x-csrf-token",
        "bodyName": "_csrf",
        "queryName": "_csrf",
        "refererWhiteList": []
      },
      "xframe": {
        "enable": true,
        "value": "SAMEORIGIN",
        "matching": "<Function anonymous>"
      },
      "hsts": {
        "enable": false,
        "maxAge": 31536000,
        "includeSubdomains": false
      },
      "dta": {
        "enable": true,
        "matching": "<Function anonymous>"
      },
      "methodnoallow": {
        "enable": true,
        "matching": "<Function anonymous>"
      },
      "noopen": {
        "enable": true,
        "matching": "<Function anonymous>"
      },
      "nosniff": {
        "enable": true,
        "matching": "<Function anonymous>"
      },
      "referrerPolicy": {
        "enable": false,
        "value": "no-referrer-when-downgrade"
      },
      "xssProtection": {
        "enable": true,
        "value": "1; mode=block",
        "matching": "<Function anonymous>"
      },
      "csp": {
        "enable": false,
        "policy": {}
      },
      "ssrf": {
        "ipBlackList": null,
        "ipExceptionList": null,
        "checkAddress": null
      },
      "_protocolWhiteListSet": "<Set>"
    },
    "helper": {
      "shtml": {}
    },
    "jsonp": {
      "limit": 50,
      "callback": [
        "_callback",
        "callback"
      ],
      "csrf": false
    },
    "onerror": {
      "errorPageUrl": "",
      "appErrorFilter": null,
      "templatePath": "C:\\Users\\Administrator\\Desktop\\第28讲课堂练习\\vue项目\\node\\全栈项目\\shop\\node_modules\\egg-onerror\\lib\\onerror_page.mustache"
    },
    "i18n": {
      "defaultLocale": "en_US",
      "dirs": [
        "C:\\Users\\Administrator\\Desktop\\第28讲课堂练习\\vue项目\\node\\全栈项目\\shop\\node_modules\\egg-session\\config\\locales",
        "C:\\Users\\Administrator\\Desktop\\第28讲课堂练习\\vue项目\\node\\全栈项目\\shop\\node_modules\\egg-security\\config\\locales",
        "C:\\Users\\Administrator\\Desktop\\第28讲课堂练习\\vue项目\\node\\全栈项目\\shop\\node_modules\\egg-jsonp\\config\\locales",
        "C:\\Users\\Administrator\\Desktop\\第28讲课堂练习\\vue项目\\node\\全栈项目\\shop\\node_modules\\egg-onerror\\config\\locales",
        "C:\\Users\\Administrator\\Desktop\\第28讲课堂练习\\vue项目\\node\\全栈项目\\shop\\node_modules\\egg-i18n\\config\\locales",
        "C:\\Users\\Administrator\\Desktop\\第28讲课堂练习\\vue项目\\node\\全栈项目\\shop\\node_modules\\egg-watcher\\config\\locales",
        "C:\\Users\\Administrator\\Desktop\\第28讲课堂练习\\vue项目\\node\\全栈项目\\shop\\node_modules\\egg-schedule\\config\\locales",
        "C:\\Users\\Administrator\\Desktop\\第28讲课堂练习\\vue项目\\node\\全栈项目\\shop\\node_modules\\egg-multipart\\config\\locales",
        "C:\\Users\\Administrator\\Desktop\\第28讲课堂练习\\vue项目\\node\\全栈项目\\shop\\node_modules\\egg-development\\config\\locales",
        "C:\\Users\\Administrator\\Desktop\\第28讲课堂练习\\vue项目\\node\\全栈项目\\shop\\node_modules\\egg-logrotator\\config\\locales",
        "C:\\Users\\Administrator\\Desktop\\第28讲课堂练习\\vue项目\\node\\全栈项目\\shop\\node_modules\\egg-static\\config\\locales",
        "C:\\Users\\Administrator\\Desktop\\第28讲课堂练习\\vue项目\\node\\全栈项目\\shop\\node_modules\\egg-view\\config\\locales",
        "C:\\Users\\Administrator\\Desktop\\第28讲课堂练习\\vue项目\\node\\全栈项目\\shop\\node_modules\\egg-sequelize\\config\\locales",
        "C:\\Users\\Administrator\\Desktop\\第28讲课堂练习\\vue项目\\node\\全栈项目\\shop\\node_modules\\egg-validate\\config\\locales",
        "C:\\Users\\Administrator\\Desktop\\第28讲课堂练习\\vue项目\\node\\全栈项目\\shop\\node_modules\\egg-cors\\config\\locales",
        "C:\\Users\\Administrator\\Desktop\\第28讲课堂练习\\vue项目\\node\\全栈项目\\shop\\node_modules\\egg\\config\\locales",
        "C:\\Users\\Administrator\\Desktop\\第28讲课堂练习\\vue项目\\node\\全栈项目\\shop\\config\\locales"
      ],
      "queryField": "locale",
      "cookieField": "locale",
      "cookieDomain": "",
      "cookieMaxAge": "1y",
      "functionName": "__"
    },
    "watcher": {
      "type": "development",
      "eventSources": {
        "default": "C:\\Users\\Administrator\\Desktop\\第28讲课堂练习\\vue项目\\node\\全栈项目\\shop\\node_modules\\egg-watcher\\lib\\event-sources\\default",
        "development": "C:\\Users\\Administrator\\Desktop\\第28讲课堂练习\\vue项目\\node\\全栈项目\\shop\\node_modules\\egg-watcher\\lib\\event-sources\\development"
      }
    },
    "customLogger": {
      "scheduleLogger": {
        "consoleLevel": "NONE",
        "file": "egg-schedule.log"
      }
    },
    "schedule": {
      "directory": []
    },
    "multipart": {
      "mode": "file",
      "autoFields": false,
      "defaultCharset": "utf8",
      "fieldNameSize": 100,
      "fieldSize": 102400,
      "fields": 10,
      "fileSize": 2097152,
      "files": 10,
      "fileExtensions": [
        ".jpg",
        ".jpeg",
        ".png"
      ],
      "whitelist": null,
      "allowArrayField": false,
      "tmpdir": "C:\\Users\\ADMINI\\x7e1\\AppData\\Local\\Temp\\egg-multipart-tmp\\shop",
      "cleanSchedule": {
        "cron": "0 30 4 * * *",
        "disable": false
      }
    },
    "development": {
      "watchDirs": [],
      "ignoreDirs": [],
      "fastReady": false,
      "reloadOnDebug": true,
      "overrideDefault": false,
      "overrideIgnore": false
    },
    "logrotator": {
      "filesRotateByHour": null,
      "hourDelimiter": "-",
      "filesRotateBySize": null,
      "maxFileSize": 52428800,
      "maxFiles": 10,
      "rotateDuration": 60000,
      "maxDays": 31
    },
    "static": {
      "prefix": "/public/",
      "dir": "C:\\Users\\Administrator\\Desktop\\第28讲课堂练习\\vue项目\\node\\全栈项目\\shop\\app\\public",
      "dynamic": true,
      "preload": false,
      "buffer": false,
      "maxFiles": 1000
    },
    "view": {
      "root": "C:\\Users\\Administrator\\Desktop\\第28讲课堂练习\\vue项目\\node\\全栈项目\\shop\\app\\view",
      "cache": false,
      "defaultExtension": ".html",
      "defaultViewEngine": "",
      "mapping": {}
    },
    "sequelize": {
      "dialect": "mysql",
      "database": "appshop",
      "host": "127.0.0.1",
      "port": 3306,
      "username": "root",
      "password": "<String len: 4>",
      "define": {
        "freezeTableName": true,
        "timestamps": false
      },
      "timezone": "+08:00",
      "dialectOptions": {
        "dateStrings": true,
        "typeCast": "<Function typeCast>"
      }
    },
    "validate": {},
    "cors": {
      "origin": "http://localhost:3000",
      "allowMethods": "GET,HEAD,PUT,POST,DELETE,PATCH",
      "credentials": true
    },
    "env": "local",
    "name": "shop",
    "keys": "<String len: 23>",
    "cookies": {},
    "proxy": false,
    "maxIpsCount": 0,
    "maxProxyCount": 0,
    "protocolHeaders": "x-forwarded-proto",
    "ipHeaders": "x-forwarded-for",
    "hostHeaders": "",
    "pkg": {
      "name": "shop",
      "version": "1.0.0",
      "description": "",
      "private": true,
      "egg": {
        "declarations": true
      },
      "dependencies": {
        "egg": "^2.15.1",
        "egg-cors": "^2.2.3",
        "egg-scripts": "^2.11.0",
        "egg-sequelize": "^6.0.0",
        "egg-validate": "^2.0.2",
        "jsonwebtoken": "^8.5.1",
        "mysql2": "^2.3.3",
        "svg-captcha": "^1.4.0",
        "utility": "^1.17.0"
      },
      "devDependencies": {
        "autod": "^3.0.1",
        "autod-egg": "^1.1.0",
        "egg-bin": "^4.11.0",
        "egg-ci": "^1.11.0",
        "egg-mock": "^3.21.0",
        "eslint": "^5.13.0",
        "eslint-config-egg": "^7.1.0",
        "sequelize-cli": "^6.3.0"
      },
      "engines": {
        "node": ">=10.0.0"
      },
      "scripts": {
        "start": "egg-scripts start --daemon --title=egg-server-shop",
        "stop": "egg-scripts stop --title=egg-server-shop",
        "dev": "egg-bin dev",
        "debug": "egg-bin debug",
        "test": "npm run lint -- --fix && npm run test-local",
        "test-local": "egg-bin test",
        "cov": "egg-bin cov",
        "lint": "eslint .",
        "ci": "npm run lint && npm run cov",
        "autod": "autod"
      },
      "ci": {
        "version": "10"
      },
      "repository": {
        "type": "git",
        "url": ""
      },
      "author": "",
      "license": "MIT"
    },
    "baseDir": "C:\\Users\\Administrator\\Desktop\\第28讲课堂练习\\vue项目\\node\\全栈项目\\shop",
    "HOME": "C:\\Users\\Administrator",
    "rundir": "C:\\Users\\Administrator\\Desktop\\第28讲课堂练习\\vue项目\\node\\全栈项目\\shop\\run",
    "dump": {
      "ignore": "<Set>"
    },
    "confusedConfigurations": {
      "bodyparser": "bodyParser",
      "notFound": "notfound",
      "sitefile": "siteFile",
      "middlewares": "middleware",
      "httpClient": "httpclient"
    },
    "notfound": {
      "pageUrl": ""
    },
    "siteFile": {
      "/favicon.ico": "<Buffer len: 6463>"
    },
    "bodyParser": {
      "enable": true,
      "encoding": "utf8",
      "formLimit": "1mb",
      "jsonLimit": "1mb",
      "textLimit": "1mb",
      "strict": true,
      "queryString": {
        "arrayLimit": 100,
        "depth": 5,
        "parameterLimit": 1000
      },
      "returnRawBody": true
    },
    "logger": {
      "dir": "C:\\Users\\Administrator\\Desktop\\第28讲课堂练习\\vue项目\\node\\全栈项目\\shop\\logs\\shop",
      "encoding": "utf8",
      "env": "local",
      "level": "INFO",
      "consoleLevel": "INFO",
      "disableConsoleAfterReady": false,
      "outputJSON": false,
      "buffer": true,
      "appLogName": "shop-web.log",
      "coreLogName": "egg-web.log",
      "agentLogName": "egg-agent.log",
      "errorLogName": "common-error.log",
      "coreLogger": {
        "consoleLevel": "WARN"
      },
      "allowDebugAtProd": false,
      "type": "application"
    },
    "httpclient": {
      "enableDNSCache": false,
      "dnsCacheLookupInterval": 10000,
      "dnsCacheMaxLength": 1000,
      "request": {
        "timeout": 5000
      },
      "httpAgent": {
        "keepAlive": true,
        "freeSocketTimeout": 4000,
        "maxSockets": 9007199254740991,
        "maxFreeSockets": 256
      },
      "httpsAgent": {
        "keepAlive": true,
        "freeSocketTimeout": 4000,
        "maxSockets": 9007199254740991,
        "maxFreeSockets": 256
      }
    },
    "meta": {
      "enable": true,
      "logging": false
    },
    "coreMiddleware": [
      "cors",
      "meta",
      "siteFile",
      "notfound",
      "static",
      "bodyParser",
      "overrideMethod",
      "session",
      "securities",
      "i18n",
      "multipart",
      "eggLoaderTrace"
    ],
    "workerStartTimeout": 600000,
    "serverTimeout": null,
    "cluster": {
      "listen": {
        "path": "",
        "port": 7001,
        "hostname": ""
      }
    },
    "clusterClient": {
      "maxWaitTime": 60000,
      "responseTimeout": 60000
    },
    "onClientError": null,
    "middleware": [],
    "coreMiddlewares": "~config~coreMiddleware",
    "appMiddlewares": "~config~middleware",
    "appMiddleware": "~config~middleware",
    "multipartParseOptions": {
      "autoFields": false,
      "defCharset": "utf8",
      "limits": {
        "fieldNameSize": 100,
        "fieldSize": 102400,
        "fields": 10,
        "fileSize": 2097152,
        "files": 10
      },
      "checkFile": "<Function checkFile>"
    }
  },
  "plugins": {
    "onerror": {
      "enable": true,
      "package": "egg-onerror",
      "name": "onerror",
      "dependencies": [],
      "optionalDependencies": [
        "jsonp"
      ],
      "env": [],
      "from": "C:\\Users\\Administrator\\Desktop\\第28讲课堂练习\\vue项目\\node\\全栈项目\\shop\\node_modules\\egg\\config\\plugin.js",
      "path": "C:\\Users\\Administrator\\Desktop\\第28讲课堂练习\\vue项目\\node\\全栈项目\\shop\\node_modules\\egg-onerror",
      "version": "2.1.0"
    },
    "session": {
      "enable": true,
      "package": "egg-session",
      "name": "session",
      "dependencies": [],
      "optionalDependencies": [],
      "env": [],
      "from": "C:\\Users\\Administrator\\Desktop\\第28讲课堂练习\\vue项目\\node\\全栈项目\\shop\\node_modules\\egg\\config\\plugin.js",
      "path": "C:\\Users\\Administrator\\Desktop\\第28讲课堂练习\\vue项目\\node\\全栈项目\\shop\\node_modules\\egg-session",
      "version": "3.3.0"
    },
    "i18n": {
      "enable": true,
      "package": "egg-i18n",
      "name": "i18n",
      "dependencies": [],
      "optionalDependencies": [],
      "env": [],
      "from": "C:\\Users\\Administrator\\Desktop\\第28讲课堂练习\\vue项目\\node\\全栈项目\\shop\\node_modules\\egg\\config\\plugin.js",
      "path": "C:\\Users\\Administrator\\Desktop\\第28讲课堂练习\\vue项目\\node\\全栈项目\\shop\\node_modules\\egg-i18n",
      "version": "2.1.1"
    },
    "watcher": {
      "enable": true,
      "package": "egg-watcher",
      "name": "watcher",
      "dependencies": [],
      "optionalDependencies": [],
      "env": [],
      "from": "C:\\Users\\Administrator\\Desktop\\第28讲课堂练习\\vue项目\\node\\全栈项目\\shop\\node_modules\\egg\\config\\plugin.js",
      "path": "C:\\Users\\Administrator\\Desktop\\第28讲课堂练习\\vue项目\\node\\全栈项目\\shop\\node_modules\\egg-watcher",
      "version": "3.1.1"
    },
    "multipart": {
      "enable": true,
      "package": "egg-multipart",
      "name": "multipart",
      "dependencies": [],
      "optionalDependencies": [
        "schedule"
      ],
      "env": [],
      "from": "C:\\Users\\Administrator\\Desktop\\第28讲课堂练习\\vue项目\\node\\全栈项目\\shop\\node_modules\\egg\\config\\plugin.js",
      "path": "C:\\Users\\Administrator\\Desktop\\第28讲课堂练习\\vue项目\\node\\全栈项目\\shop\\node_modules\\egg-multipart",
      "version": "2.13.1"
    },
    "security": {
      "enable": true,
      "package": "egg-security",
      "name": "security",
      "dependencies": [],
      "optionalDependencies": [
        "session"
      ],
      "env": [],
      "from": "C:\\Users\\Administrator\\Desktop\\第28讲课堂练习\\vue项目\\node\\全栈项目\\shop\\node_modules\\egg\\config\\plugin.js",
      "path": "C:\\Users\\Administrator\\Desktop\\第28讲课堂练习\\vue项目\\node\\全栈项目\\shop\\node_modules\\egg-security",
      "version": "2.9.0"
    },
    "development": {
      "enable": true,
      "package": "egg-development",
      "name": "development",
      "dependencies": [
        "watcher"
      ],
      "optionalDependencies": [],
      "env": [
        "local"
      ],
      "from": "C:\\Users\\Administrator\\Desktop\\第28讲课堂练习\\vue项目\\node\\全栈项目\\shop\\node_modules\\egg\\config\\plugin.js",
      "path": "C:\\Users\\Administrator\\Desktop\\第28讲课堂练习\\vue项目\\node\\全栈项目\\shop\\node_modules\\egg-development",
      "version": "2.7.0"
    },
    "logrotator": {
      "enable": true,
      "package": "egg-logrotator",
      "name": "logrotator",
      "dependencies": [
        "schedule"
      ],
      "optionalDependencies": [],
      "env": [],
      "from": "C:\\Users\\Administrator\\Desktop\\第28讲课堂练习\\vue项目\\node\\全栈项目\\shop\\node_modules\\egg\\config\\plugin.js",
      "path": "C:\\Users\\Administrator\\Desktop\\第28讲课堂练习\\vue项目\\node\\全栈项目\\shop\\node_modules\\egg-logrotator",
      "version": "3.1.0"
    },
    "schedule": {
      "enable": true,
      "package": "egg-schedule",
      "name": "schedule",
      "dependencies": [],
      "optionalDependencies": [],
      "env": [],
      "from": "C:\\Users\\Administrator\\Desktop\\第28讲课堂练习\\vue项目\\node\\全栈项目\\shop\\node_modules\\egg\\config\\plugin.js",
      "path": "C:\\Users\\Administrator\\Desktop\\第28讲课堂练习\\vue项目\\node\\全栈项目\\shop\\node_modules\\egg-schedule",
      "version": "3.6.6"
    },
    "static": {
      "enable": true,
      "package": "egg-static",
      "name": "static",
      "dependencies": [],
      "optionalDependencies": [],
      "env": [],
      "from": "C:\\Users\\Administrator\\Desktop\\第28讲课堂练习\\vue项目\\node\\全栈项目\\shop\\node_modules\\egg\\config\\plugin.js",
      "path": "C:\\Users\\Administrator\\Desktop\\第28讲课堂练习\\vue项目\\node\\全栈项目\\shop\\node_modules\\egg-static",
      "version": "2.2.0"
    },
    "jsonp": {
      "enable": true,
      "package": "egg-jsonp",
      "name": "jsonp",
      "dependencies": [],
      "optionalDependencies": [
        "security"
      ],
      "env": [],
      "from": "C:\\Users\\Administrator\\Desktop\\第28讲课堂练习\\vue项目\\node\\全栈项目\\shop\\node_modules\\egg\\config\\plugin.js",
      "path": "C:\\Users\\Administrator\\Desktop\\第28讲课堂练习\\vue项目\\node\\全栈项目\\shop\\node_modules\\egg-jsonp",
      "version": "2.0.0"
    },
    "view": {
      "enable": true,
      "package": "egg-view",
      "name": "view",
      "dependencies": [],
      "optionalDependencies": [],
      "env": [],
      "from": "C:\\Users\\Administrator\\Desktop\\第28讲课堂练习\\vue项目\\node\\全栈项目\\shop\\node_modules\\egg\\config\\plugin.js",
      "path": "C:\\Users\\Administrator\\Desktop\\第28讲课堂练习\\vue项目\\node\\全栈项目\\shop\\node_modules\\egg-view",
      "version": "2.1.3"
    },
    "sequelize": {
      "enable": true,
      "package": "egg-sequelize",
      "name": "sequelize",
      "dependencies": [],
      "optionalDependencies": [],
      "env": [],
      "from": "C:\\Users\\Administrator\\Desktop\\第28讲课堂练习\\vue项目\\node\\全栈项目\\shop\\config\\plugin.js",
      "path": "C:\\Users\\Administrator\\Desktop\\第28讲课堂练习\\vue项目\\node\\全栈项目\\shop\\node_modules\\egg-sequelize",
      "version": "6.0.0"
    },
    "validate": {
      "enable": true,
      "package": "egg-validate",
      "name": "validate",
      "dependencies": [],
      "optionalDependencies": [],
      "env": [],
      "from": "C:\\Users\\Administrator\\Desktop\\第28讲课堂练习\\vue项目\\node\\全栈项目\\shop\\config\\plugin.js",
      "path": "C:\\Users\\Administrator\\Desktop\\第28讲课堂练习\\vue项目\\node\\全栈项目\\shop\\node_modules\\egg-validate",
      "version": "2.0.2"
    },
    "cors": {
      "enable": true,
      "package": "egg-cors",
      "name": "cors",
      "dependencies": [],
      "optionalDependencies": [],
      "env": [],
      "from": "C:\\Users\\Administrator\\Desktop\\第28讲课堂练习\\vue项目\\node\\全栈项目\\shop\\config\\plugin.js",
      "path": "C:\\Users\\Administrator\\Desktop\\第28讲课堂练习\\vue项目\\node\\全栈项目\\shop\\node_modules\\egg-cors",
      "version": "2.2.3"
    }
  }
}