[
  {
    "name": "Process Start",
    "start": 1640862082625,
    "end": 1640862085156,
    "duration": 2531,
    "pid": 10320,
    "index": 0
  },
  {
    "name": "Application Start",
    "start": 1640862085158,
    "end": 1640862087075,
    "duration": 1917,
    "pid": 10320,
    "index": 1
  },
  {
    "name": "Load Plugin",
    "start": 1640862085170,
    "end": 1640862085253,
    "duration": 83,
    "pid": 10320,
    "index": 2
  },
  {
    "name": "Load Config",
    "start": 1640862085253,
    "end": 1640862085317,
    "duration": 64,
    "pid": 10320,
    "index": 3
  },
  {
    "name": "Require(0) config/config.default.js",
    "start": 1640862085255,
    "end": 1640862085255,
    "duration": 0,
    "pid": 10320,
    "index": 4
  },
  {
    "name": "Require(1) node_modules/egg-session/config/config.default.js",
    "start": 1640862085260,
    "end": 1640862085261,
    "duration": 1,
    "pid": 10320,
    "index": 5
  },
  {
    "name": "Require(2) node_modules/egg-security/config/config.default.js",
    "start": 1640862085262,
    "end": 1640862085263,
    "duration": 1,
    "pid": 10320,
    "index": 6
  },
  {
    "name": "Require(3) node_modules/egg-jsonp/config/config.default.js",
    "start": 1640862085265,
    "end": 1640862085267,
    "duration": 2,
    "pid": 10320,
    "index": 7
  },
  {
    "name": "Require(4) node_modules/egg-onerror/config/config.default.js",
    "start": 1640862085268,
    "end": 1640862085269,
    "duration": 1,
    "pid": 10320,
    "index": 8
  },
  {
    "name": "Require(5) node_modules/egg-i18n/config/config.default.js",
    "start": 1640862085271,
    "end": 1640862085272,
    "duration": 1,
    "pid": 10320,
    "index": 9
  },
  {
    "name": "Require(6) node_modules/egg-watcher/config/config.default.js",
    "start": 1640862085273,
    "end": 1640862085274,
    "duration": 1,
    "pid": 10320,
    "index": 10
  },
  {
    "name": "Require(7) node_modules/egg-schedule/config/config.default.js",
    "start": 1640862085276,
    "end": 1640862085277,
    "duration": 1,
    "pid": 10320,
    "index": 11
  },
  {
    "name": "Require(8) node_modules/egg-multipart/config/config.default.js",
    "start": 1640862085278,
    "end": 1640862085279,
    "duration": 1,
    "pid": 10320,
    "index": 12
  },
  {
    "name": "Require(9) node_modules/egg-development/config/config.default.js",
    "start": 1640862085281,
    "end": 1640862085282,
    "duration": 1,
    "pid": 10320,
    "index": 13
  },
  {
    "name": "Require(10) node_modules/egg-logrotator/config/config.default.js",
    "start": 1640862085283,
    "end": 1640862085285,
    "duration": 2,
    "pid": 10320,
    "index": 14
  },
  {
    "name": "Require(11) node_modules/egg-static/config/config.default.js",
    "start": 1640862085286,
    "end": 1640862085287,
    "duration": 1,
    "pid": 10320,
    "index": 15
  },
  {
    "name": "Require(12) node_modules/egg-view/config/config.default.js",
    "start": 1640862085289,
    "end": 1640862085290,
    "duration": 1,
    "pid": 10320,
    "index": 16
  },
  {
    "name": "Require(13) node_modules/egg-sequelize/config/config.default.js",
    "start": 1640862085292,
    "end": 1640862085293,
    "duration": 1,
    "pid": 10320,
    "index": 17
  },
  {
    "name": "Require(14) node_modules/egg-validate/config/config.default.js",
    "start": 1640862085294,
    "end": 1640862085295,
    "duration": 1,
    "pid": 10320,
    "index": 18
  },
  {
    "name": "Require(15) node_modules/egg-cors/config/config.default.js",
    "start": 1640862085296,
    "end": 1640862085297,
    "duration": 1,
    "pid": 10320,
    "index": 19
  },
  {
    "name": "Require(16) node_modules/egg/config/config.default.js",
    "start": 1640862085298,
    "end": 1640862085298,
    "duration": 0,
    "pid": 10320,
    "index": 20
  },
  {
    "name": "Require(17) config/config.default.js",
    "start": 1640862085301,
    "end": 1640862085301,
    "duration": 0,
    "pid": 10320,
    "index": 21
  },
  {
    "name": "Require(18) node_modules/egg-security/config/config.local.js",
    "start": 1640862085303,
    "end": 1640862085303,
    "duration": 0,
    "pid": 10320,
    "index": 22
  },
  {
    "name": "Require(19) node_modules/egg-watcher/config/config.local.js",
    "start": 1640862085306,
    "end": 1640862085307,
    "duration": 1,
    "pid": 10320,
    "index": 23
  },
  {
    "name": "Require(20) node_modules/egg-view/config/config.local.js",
    "start": 1640862085311,
    "end": 1640862085312,
    "duration": 1,
    "pid": 10320,
    "index": 24
  },
  {
    "name": "Require(21) node_modules/egg/config/config.local.js",
    "start": 1640862085316,
    "end": 1640862085317,
    "duration": 1,
    "pid": 10320,
    "index": 25
  },
  {
    "name": "Load extend/application.js",
    "start": 1640862085319,
    "end": 1640862085364,
    "duration": 45,
    "pid": 10320,
    "index": 26
  },
  {
    "name": "Require(22) node_modules/egg-session/app/extend/application.js",
    "start": 1640862085321,
    "end": 1640862085322,
    "duration": 1,
    "pid": 10320,
    "index": 27
  },
  {
    "name": "Require(23) node_modules/egg-security/app/extend/application.js",
    "start": 1640862085324,
    "end": 1640862085328,
    "duration": 4,
    "pid": 10320,
    "index": 28
  },
  {
    "name": "Require(24) node_modules/egg-jsonp/app/extend/application.js",
    "start": 1640862085329,
    "end": 1640862085333,
    "duration": 4,
    "pid": 10320,
    "index": 29
  },
  {
    "name": "Require(25) node_modules/egg-logrotator/app/extend/application.js",
    "start": 1640862085338,
    "end": 1640862085343,
    "duration": 5,
    "pid": 10320,
    "index": 30
  },
  {
    "name": "Require(26) node_modules/egg-view/app/extend/application.js",
    "start": 1640862085345,
    "end": 1640862085349,
    "duration": 4,
    "pid": 10320,
    "index": 31
  },
  {
    "name": "Load extend/request.js",
    "start": 1640862085364,
    "end": 1640862085388,
    "duration": 24,
    "pid": 10320,
    "index": 32
  },
  {
    "name": "Require(27) node_modules/egg/app/extend/request.js",
    "start": 1640862085375,
    "end": 1640862085377,
    "duration": 2,
    "pid": 10320,
    "index": 33
  },
  {
    "name": "Load extend/response.js",
    "start": 1640862085388,
    "end": 1640862085415,
    "duration": 27,
    "pid": 10320,
    "index": 34
  },
  {
    "name": "Require(28) node_modules/egg/app/extend/response.js",
    "start": 1640862085398,
    "end": 1640862085402,
    "duration": 4,
    "pid": 10320,
    "index": 35
  },
  {
    "name": "Load extend/context.js",
    "start": 1640862085415,
    "end": 1640862085593,
    "duration": 178,
    "pid": 10320,
    "index": 36
  },
  {
    "name": "Require(29) node_modules/egg-security/app/extend/context.js",
    "start": 1640862085417,
    "end": 1640862085442,
    "duration": 25,
    "pid": 10320,
    "index": 37
  },
  {
    "name": "Require(30) node_modules/egg-jsonp/app/extend/context.js",
    "start": 1640862085443,
    "end": 1640862085446,
    "duration": 3,
    "pid": 10320,
    "index": 38
  },
  {
    "name": "Require(31) node_modules/egg-i18n/app/extend/context.js",
    "start": 1640862085448,
    "end": 1640862085449,
    "duration": 1,
    "pid": 10320,
    "index": 39
  },
  {
    "name": "Require(32) node_modules/egg-multipart/app/extend/context.js",
    "start": 1640862085452,
    "end": 1640862085567,
    "duration": 115,
    "pid": 10320,
    "index": 40
  },
  {
    "name": "Require(33) node_modules/egg-view/app/extend/context.js",
    "start": 1640862085570,
    "end": 1640862085572,
    "duration": 2,
    "pid": 10320,
    "index": 41
  },
  {
    "name": "Require(34) node_modules/egg-validate/app/extend/context.js",
    "start": 1640862085573,
    "end": 1640862085574,
    "duration": 1,
    "pid": 10320,
    "index": 42
  },
  {
    "name": "Require(35) node_modules/egg/app/extend/context.js",
    "start": 1640862085575,
    "end": 1640862085577,
    "duration": 2,
    "pid": 10320,
    "index": 43
  },
  {
    "name": "Require(36) app/extend/context.js",
    "start": 1640862085578,
    "end": 1640862085580,
    "duration": 2,
    "pid": 10320,
    "index": 44
  },
  {
    "name": "Load extend/helper.js",
    "start": 1640862085593,
    "end": 1640862085713,
    "duration": 120,
    "pid": 10320,
    "index": 45
  },
  {
    "name": "Require(37) node_modules/egg-security/app/extend/helper.js",
    "start": 1640862085595,
    "end": 1640862085639,
    "duration": 44,
    "pid": 10320,
    "index": 46
  },
  {
    "name": "Require(38) node_modules/egg/app/extend/helper.js",
    "start": 1640862085650,
    "end": 1640862085650,
    "duration": 0,
    "pid": 10320,
    "index": 47
  },
  {
    "name": "Require(39) app/extend/helper.js",
    "start": 1640862085651,
    "end": 1640862085702,
    "duration": 51,
    "pid": 10320,
    "index": 48
  },
  {
    "name": "Load app.js",
    "start": 1640862085713,
    "end": 1640862085818,
    "duration": 105,
    "pid": 10320,
    "index": 49
  },
  {
    "name": "Require(40) node_modules/egg-session/app.js",
    "start": 1640862085714,
    "end": 1640862085715,
    "duration": 1,
    "pid": 10320,
    "index": 50
  },
  {
    "name": "Require(41) node_modules/egg-security/app.js",
    "start": 1640862085716,
    "end": 1640862085719,
    "duration": 3,
    "pid": 10320,
    "index": 51
  },
  {
    "name": "Require(42) node_modules/egg-onerror/app.js",
    "start": 1640862085721,
    "end": 1640862085745,
    "duration": 24,
    "pid": 10320,
    "index": 52
  },
  {
    "name": "Require(43) node_modules/egg-i18n/app.js",
    "start": 1640862085747,
    "end": 1640862085787,
    "duration": 40,
    "pid": 10320,
    "index": 53
  },
  {
    "name": "Require(44) node_modules/egg-watcher/app.js",
    "start": 1640862085788,
    "end": 1640862085797,
    "duration": 9,
    "pid": 10320,
    "index": 54
  },
  {
    "name": "Require(45) node_modules/egg-schedule/app.js",
    "start": 1640862085798,
    "end": 1640862085801,
    "duration": 3,
    "pid": 10320,
    "index": 55
  },
  {
    "name": "Require(46) node_modules/egg-multipart/app.js",
    "start": 1640862085802,
    "end": 1640862085803,
    "duration": 1,
    "pid": 10320,
    "index": 56
  },
  {
    "name": "Require(47) node_modules/egg-development/app.js",
    "start": 1640862085803,
    "end": 1640862085804,
    "duration": 1,
    "pid": 10320,
    "index": 57
  },
  {
    "name": "Require(48) node_modules/egg-logrotator/app.js",
    "start": 1640862085805,
    "end": 1640862085805,
    "duration": 0,
    "pid": 10320,
    "index": 58
  },
  {
    "name": "Require(49) node_modules/egg-static/app.js",
    "start": 1640862085806,
    "end": 1640862085806,
    "duration": 0,
    "pid": 10320,
    "index": 59
  },
  {
    "name": "Require(50) node_modules/egg-sequelize/app.js",
    "start": 1640862085808,
    "end": 1640862085809,
    "duration": 1,
    "pid": 10320,
    "index": 60
  },
  {
    "name": "Require(51) node_modules/egg-validate/app.js",
    "start": 1640862085809,
    "end": 1640862085814,
    "duration": 5,
    "pid": 10320,
    "index": 61
  },
  {
    "name": "Require(52) node_modules/egg-cors/app.js",
    "start": 1640862085815,
    "end": 1640862085815,
    "duration": 0,
    "pid": 10320,
    "index": 62
  },
  {
    "name": "Before Start in node_modules/egg-watcher/lib/init.js:15:14",
    "start": 1640862085843,
    "end": 1640862087056,
    "duration": 1213,
    "pid": 10320,
    "index": 63
  },
  {
    "name": "Load \"Symbol(model)\" to Application",
    "start": 1640862086587,
    "end": 1640862086632,
    "duration": 45,
    "pid": 10320,
    "index": 64
  },
  {
    "name": "Before Start in node_modules/egg-sequelize/lib/loader.js:39:7",
    "start": 1640862086637,
    "end": 1640862087075,
    "duration": 438,
    "pid": 10320,
    "index": 65
  },
  {
    "name": "Load Service",
    "start": 1640862086638,
    "end": 1640862086661,
    "duration": 23,
    "pid": 10320,
    "index": 66
  },
  {
    "name": "Load \"service\" to Context",
    "start": 1640862086638,
    "end": 1640862086661,
    "duration": 23,
    "pid": 10320,
    "index": 67
  },
  {
    "name": "Load Middleware",
    "start": 1640862086661,
    "end": 1640862086895,
    "duration": 234,
    "pid": 10320,
    "index": 68
  },
  {
    "name": "Load \"middlewares\" to Application",
    "start": 1640862086661,
    "end": 1640862086873,
    "duration": 212,
    "pid": 10320,
    "index": 69
  },
  {
    "name": "Load Controller",
    "start": 1640862086895,
    "end": 1640862086973,
    "duration": 78,
    "pid": 10320,
    "index": 70
  },
  {
    "name": "Load \"controller\" to Application",
    "start": 1640862086895,
    "end": 1640862086973,
    "duration": 78,
    "pid": 10320,
    "index": 71
  },
  {
    "name": "Load Router",
    "start": 1640862086973,
    "end": 1640862086985,
    "duration": 12,
    "pid": 10320,
    "index": 72
  },
  {
    "name": "Require(53) app/router.js",
    "start": 1640862086974,
    "end": 1640862086974,
    "duration": 0,
    "pid": 10320,
    "index": 73
  },
  {
    "name": "Before Start in node_modules/egg-core/lib/egg.js:303:10",
    "start": 1640862086975,
    "end": 1640862087009,
    "duration": 34,
    "pid": 10320,
    "index": 74
  }
]