[
  {
    "name": "Process Start",
    "start": 1640862612404,
    "end": 1640862615548,
    "duration": 3144,
    "pid": 2596,
    "index": 0
  },
  {
    "name": "Application Start",
    "start": 1640862615549,
    "end": 1640862620229,
    "duration": 4680,
    "pid": 2596,
    "index": 1
  },
  {
    "name": "Load Plugin",
    "start": 1640862615560,
    "end": 1640862615691,
    "duration": 131,
    "pid": 2596,
    "index": 2
  },
  {
    "name": "Load Config",
    "start": 1640862615691,
    "end": 1640862615759,
    "duration": 68,
    "pid": 2596,
    "index": 3
  },
  {
    "name": "Require(0) config/config.default.js",
    "start": 1640862615692,
    "end": 1640862615693,
    "duration": 1,
    "pid": 2596,
    "index": 4
  },
  {
    "name": "Require(1) node_modules/egg-session/config/config.default.js",
    "start": 1640862615696,
    "end": 1640862615698,
    "duration": 2,
    "pid": 2596,
    "index": 5
  },
  {
    "name": "Require(2) node_modules/egg-security/config/config.default.js",
    "start": 1640862615700,
    "end": 1640862615702,
    "duration": 2,
    "pid": 2596,
    "index": 6
  },
  {
    "name": "Require(3) node_modules/egg-jsonp/config/config.default.js",
    "start": 1640862615705,
    "end": 1640862615705,
    "duration": 0,
    "pid": 2596,
    "index": 7
  },
  {
    "name": "Require(4) node_modules/egg-onerror/config/config.default.js",
    "start": 1640862615707,
    "end": 1640862615708,
    "duration": 1,
    "pid": 2596,
    "index": 8
  },
  {
    "name": "Require(5) node_modules/egg-i18n/config/config.default.js",
    "start": 1640862615709,
    "end": 1640862615711,
    "duration": 2,
    "pid": 2596,
    "index": 9
  },
  {
    "name": "Require(6) node_modules/egg-watcher/config/config.default.js",
    "start": 1640862615713,
    "end": 1640862615715,
    "duration": 2,
    "pid": 2596,
    "index": 10
  },
  {
    "name": "Require(7) node_modules/egg-schedule/config/config.default.js",
    "start": 1640862615716,
    "end": 1640862615717,
    "duration": 1,
    "pid": 2596,
    "index": 11
  },
  {
    "name": "Require(8) node_modules/egg-multipart/config/config.default.js",
    "start": 1640862615719,
    "end": 1640862615720,
    "duration": 1,
    "pid": 2596,
    "index": 12
  },
  {
    "name": "Require(9) node_modules/egg-development/config/config.default.js",
    "start": 1640862615722,
    "end": 1640862615723,
    "duration": 1,
    "pid": 2596,
    "index": 13
  },
  {
    "name": "Require(10) node_modules/egg-logrotator/config/config.default.js",
    "start": 1640862615725,
    "end": 1640862615726,
    "duration": 1,
    "pid": 2596,
    "index": 14
  },
  {
    "name": "Require(11) node_modules/egg-static/config/config.default.js",
    "start": 1640862615727,
    "end": 1640862615728,
    "duration": 1,
    "pid": 2596,
    "index": 15
  },
  {
    "name": "Require(12) node_modules/egg-view/config/config.default.js",
    "start": 1640862615730,
    "end": 1640862615731,
    "duration": 1,
    "pid": 2596,
    "index": 16
  },
  {
    "name": "Require(13) node_modules/egg-sequelize/config/config.default.js",
    "start": 1640862615732,
    "end": 1640862615734,
    "duration": 2,
    "pid": 2596,
    "index": 17
  },
  {
    "name": "Require(14) node_modules/egg-validate/config/config.default.js",
    "start": 1640862615735,
    "end": 1640862615736,
    "duration": 1,
    "pid": 2596,
    "index": 18
  },
  {
    "name": "Require(15) node_modules/egg-cors/config/config.default.js",
    "start": 1640862615737,
    "end": 1640862615738,
    "duration": 1,
    "pid": 2596,
    "index": 19
  },
  {
    "name": "Require(16) node_modules/egg/config/config.default.js",
    "start": 1640862615739,
    "end": 1640862615740,
    "duration": 1,
    "pid": 2596,
    "index": 20
  },
  {
    "name": "Require(17) config/config.default.js",
    "start": 1640862615743,
    "end": 1640862615743,
    "duration": 0,
    "pid": 2596,
    "index": 21
  },
  {
    "name": "Require(18) node_modules/egg-security/config/config.local.js",
    "start": 1640862615745,
    "end": 1640862615745,
    "duration": 0,
    "pid": 2596,
    "index": 22
  },
  {
    "name": "Require(19) node_modules/egg-watcher/config/config.local.js",
    "start": 1640862615748,
    "end": 1640862615749,
    "duration": 1,
    "pid": 2596,
    "index": 23
  },
  {
    "name": "Require(20) node_modules/egg-view/config/config.local.js",
    "start": 1640862615754,
    "end": 1640862615755,
    "duration": 1,
    "pid": 2596,
    "index": 24
  },
  {
    "name": "Require(21) node_modules/egg/config/config.local.js",
    "start": 1640862615758,
    "end": 1640862615759,
    "duration": 1,
    "pid": 2596,
    "index": 25
  },
  {
    "name": "Load extend/application.js",
    "start": 1640862615761,
    "end": 1640862615816,
    "duration": 55,
    "pid": 2596,
    "index": 26
  },
  {
    "name": "Require(22) node_modules/egg-session/app/extend/application.js",
    "start": 1640862615763,
    "end": 1640862615765,
    "duration": 2,
    "pid": 2596,
    "index": 27
  },
  {
    "name": "Require(23) node_modules/egg-security/app/extend/application.js",
    "start": 1640862615767,
    "end": 1640862615772,
    "duration": 5,
    "pid": 2596,
    "index": 28
  },
  {
    "name": "Require(24) node_modules/egg-jsonp/app/extend/application.js",
    "start": 1640862615774,
    "end": 1640862615778,
    "duration": 4,
    "pid": 2596,
    "index": 29
  },
  {
    "name": "Require(25) node_modules/egg-logrotator/app/extend/application.js",
    "start": 1640862615785,
    "end": 1640862615790,
    "duration": 5,
    "pid": 2596,
    "index": 30
  },
  {
    "name": "Require(26) node_modules/egg-view/app/extend/application.js",
    "start": 1640862615792,
    "end": 1640862615796,
    "duration": 4,
    "pid": 2596,
    "index": 31
  },
  {
    "name": "Load extend/request.js",
    "start": 1640862615816,
    "end": 1640862615844,
    "duration": 28,
    "pid": 2596,
    "index": 32
  },
  {
    "name": "Require(27) node_modules/egg/app/extend/request.js",
    "start": 1640862615829,
    "end": 1640862615831,
    "duration": 2,
    "pid": 2596,
    "index": 33
  },
  {
    "name": "Load extend/response.js",
    "start": 1640862615844,
    "end": 1640862615877,
    "duration": 33,
    "pid": 2596,
    "index": 34
  },
  {
    "name": "Require(28) node_modules/egg/app/extend/response.js",
    "start": 1640862615859,
    "end": 1640862615863,
    "duration": 4,
    "pid": 2596,
    "index": 35
  },
  {
    "name": "Load extend/context.js",
    "start": 1640862615877,
    "end": 1640862616098,
    "duration": 221,
    "pid": 2596,
    "index": 36
  },
  {
    "name": "Require(29) node_modules/egg-security/app/extend/context.js",
    "start": 1640862615879,
    "end": 1640862615908,
    "duration": 29,
    "pid": 2596,
    "index": 37
  },
  {
    "name": "Require(30) node_modules/egg-jsonp/app/extend/context.js",
    "start": 1640862615909,
    "end": 1640862615913,
    "duration": 4,
    "pid": 2596,
    "index": 38
  },
  {
    "name": "Require(31) node_modules/egg-i18n/app/extend/context.js",
    "start": 1640862615915,
    "end": 1640862615916,
    "duration": 1,
    "pid": 2596,
    "index": 39
  },
  {
    "name": "Require(32) node_modules/egg-multipart/app/extend/context.js",
    "start": 1640862615920,
    "end": 1640862616071,
    "duration": 151,
    "pid": 2596,
    "index": 40
  },
  {
    "name": "Require(33) node_modules/egg-view/app/extend/context.js",
    "start": 1640862616074,
    "end": 1640862616078,
    "duration": 4,
    "pid": 2596,
    "index": 41
  },
  {
    "name": "Require(34) node_modules/egg-validate/app/extend/context.js",
    "start": 1640862616080,
    "end": 1640862616081,
    "duration": 1,
    "pid": 2596,
    "index": 42
  },
  {
    "name": "Require(35) node_modules/egg/app/extend/context.js",
    "start": 1640862616083,
    "end": 1640862616085,
    "duration": 2,
    "pid": 2596,
    "index": 43
  },
  {
    "name": "Require(36) app/extend/context.js",
    "start": 1640862616086,
    "end": 1640862616087,
    "duration": 1,
    "pid": 2596,
    "index": 44
  },
  {
    "name": "Load extend/helper.js",
    "start": 1640862616098,
    "end": 1640862616224,
    "duration": 126,
    "pid": 2596,
    "index": 45
  },
  {
    "name": "Require(37) node_modules/egg-security/app/extend/helper.js",
    "start": 1640862616100,
    "end": 1640862616146,
    "duration": 46,
    "pid": 2596,
    "index": 46
  },
  {
    "name": "Require(38) node_modules/egg/app/extend/helper.js",
    "start": 1640862616156,
    "end": 1640862616157,
    "duration": 1,
    "pid": 2596,
    "index": 47
  },
  {
    "name": "Require(39) app/extend/helper.js",
    "start": 1640862616158,
    "end": 1640862616212,
    "duration": 54,
    "pid": 2596,
    "index": 48
  },
  {
    "name": "Load app.js",
    "start": 1640862616224,
    "end": 1640862616346,
    "duration": 122,
    "pid": 2596,
    "index": 49
  },
  {
    "name": "Require(40) node_modules/egg-session/app.js",
    "start": 1640862616225,
    "end": 1640862616226,
    "duration": 1,
    "pid": 2596,
    "index": 50
  },
  {
    "name": "Require(41) node_modules/egg-security/app.js",
    "start": 1640862616227,
    "end": 1640862616230,
    "duration": 3,
    "pid": 2596,
    "index": 51
  },
  {
    "name": "Require(42) node_modules/egg-onerror/app.js",
    "start": 1640862616233,
    "end": 1640862616258,
    "duration": 25,
    "pid": 2596,
    "index": 52
  },
  {
    "name": "Require(43) node_modules/egg-i18n/app.js",
    "start": 1640862616259,
    "end": 1640862616310,
    "duration": 51,
    "pid": 2596,
    "index": 53
  },
  {
    "name": "Require(44) node_modules/egg-watcher/app.js",
    "start": 1640862616311,
    "end": 1640862616320,
    "duration": 9,
    "pid": 2596,
    "index": 54
  },
  {
    "name": "Require(45) node_modules/egg-schedule/app.js",
    "start": 1640862616321,
    "end": 1640862616325,
    "duration": 4,
    "pid": 2596,
    "index": 55
  },
  {
    "name": "Require(46) node_modules/egg-multipart/app.js",
    "start": 1640862616325,
    "end": 1640862616326,
    "duration": 1,
    "pid": 2596,
    "index": 56
  },
  {
    "name": "Require(47) node_modules/egg-development/app.js",
    "start": 1640862616328,
    "end": 1640862616328,
    "duration": 0,
    "pid": 2596,
    "index": 57
  },
  {
    "name": "Require(48) node_modules/egg-logrotator/app.js",
    "start": 1640862616330,
    "end": 1640862616330,
    "duration": 0,
    "pid": 2596,
    "index": 58
  },
  {
    "name": "Require(49) node_modules/egg-static/app.js",
    "start": 1640862616332,
    "end": 1640862616332,
    "duration": 0,
    "pid": 2596,
    "index": 59
  },
  {
    "name": "Require(50) node_modules/egg-sequelize/app.js",
    "start": 1640862616335,
    "end": 1640862616335,
    "duration": 0,
    "pid": 2596,
    "index": 60
  },
  {
    "name": "Require(51) node_modules/egg-validate/app.js",
    "start": 1640862616337,
    "end": 1640862616341,
    "duration": 4,
    "pid": 2596,
    "index": 61
  },
  {
    "name": "Require(52) node_modules/egg-cors/app.js",
    "start": 1640862616342,
    "end": 1640862616343,
    "duration": 1,
    "pid": 2596,
    "index": 62
  },
  {
    "name": "Before Start in node_modules/egg-watcher/lib/init.js:15:14",
    "start": 1640862616379,
    "end": 1640862620134,
    "duration": 3755,
    "pid": 2596,
    "index": 63
  },
  {
    "name": "Load \"Symbol(model)\" to Application",
    "start": 1640862618125,
    "end": 1640862618213,
    "duration": 88,
    "pid": 2596,
    "index": 64
  },
  {
    "name": "Before Start in node_modules/egg-sequelize/lib/loader.js:39:7",
    "start": 1640862618217,
    "end": 1640862620228,
    "duration": 2011,
    "pid": 2596,
    "index": 65
  },
  {
    "name": "Load Service",
    "start": 1640862618217,
    "end": 1640862618273,
    "duration": 56,
    "pid": 2596,
    "index": 66
  },
  {
    "name": "Load \"service\" to Context",
    "start": 1640862618217,
    "end": 1640862618273,
    "duration": 56,
    "pid": 2596,
    "index": 67
  },
  {
    "name": "Load Middleware",
    "start": 1640862618273,
    "end": 1640862619292,
    "duration": 1019,
    "pid": 2596,
    "index": 68
  },
  {
    "name": "Load \"middlewares\" to Application",
    "start": 1640862618274,
    "end": 1640862619260,
    "duration": 986,
    "pid": 2596,
    "index": 69
  },
  {
    "name": "Load Controller",
    "start": 1640862619292,
    "end": 1640862619968,
    "duration": 676,
    "pid": 2596,
    "index": 70
  },
  {
    "name": "Load \"controller\" to Application",
    "start": 1640862619292,
    "end": 1640862619968,
    "duration": 676,
    "pid": 2596,
    "index": 71
  },
  {
    "name": "Load Router",
    "start": 1640862619968,
    "end": 1640862619980,
    "duration": 12,
    "pid": 2596,
    "index": 72
  },
  {
    "name": "Require(53) app/router.js",
    "start": 1640862619969,
    "end": 1640862619970,
    "duration": 1,
    "pid": 2596,
    "index": 73
  },
  {
    "name": "Before Start in node_modules/egg-core/lib/egg.js:303:10",
    "start": 1640862619971,
    "end": 1640862620018,
    "duration": 47,
    "pid": 2596,
    "index": 74
  }
]