[
  {
    "name": "Process Start",
    "start": 1640862243695,
    "end": 1640862246451,
    "duration": 2756,
    "pid": 7580,
    "index": 0
  },
  {
    "name": "Application Start",
    "start": 1640862246453,
    "end": 1640862248237,
    "duration": 1784,
    "pid": 7580,
    "index": 1
  },
  {
    "name": "Load Plugin",
    "start": 1640862246465,
    "end": 1640862246526,
    "duration": 61,
    "pid": 7580,
    "index": 2
  },
  {
    "name": "Load Config",
    "start": 1640862246526,
    "end": 1640862246579,
    "duration": 53,
    "pid": 7580,
    "index": 3
  },
  {
    "name": "Require(0) config/config.default.js",
    "start": 1640862246528,
    "end": 1640862246528,
    "duration": 0,
    "pid": 7580,
    "index": 4
  },
  {
    "name": "Require(1) node_modules/egg-session/config/config.default.js",
    "start": 1640862246532,
    "end": 1640862246533,
    "duration": 1,
    "pid": 7580,
    "index": 5
  },
  {
    "name": "Require(2) node_modules/egg-security/config/config.default.js",
    "start": 1640862246535,
    "end": 1640862246536,
    "duration": 1,
    "pid": 7580,
    "index": 6
  },
  {
    "name": "Require(3) node_modules/egg-jsonp/config/config.default.js",
    "start": 1640862246538,
    "end": 1640862246539,
    "duration": 1,
    "pid": 7580,
    "index": 7
  },
  {
    "name": "Require(4) node_modules/egg-onerror/config/config.default.js",
    "start": 1640862246540,
    "end": 1640862246541,
    "duration": 1,
    "pid": 7580,
    "index": 8
  },
  {
    "name": "Require(5) node_modules/egg-i18n/config/config.default.js",
    "start": 1640862246542,
    "end": 1640862246543,
    "duration": 1,
    "pid": 7580,
    "index": 9
  },
  {
    "name": "Require(6) node_modules/egg-watcher/config/config.default.js",
    "start": 1640862246544,
    "end": 1640862246544,
    "duration": 0,
    "pid": 7580,
    "index": 10
  },
  {
    "name": "Require(7) node_modules/egg-schedule/config/config.default.js",
    "start": 1640862246545,
    "end": 1640862246546,
    "duration": 1,
    "pid": 7580,
    "index": 11
  },
  {
    "name": "Require(8) node_modules/egg-multipart/config/config.default.js",
    "start": 1640862246547,
    "end": 1640862246548,
    "duration": 1,
    "pid": 7580,
    "index": 12
  },
  {
    "name": "Require(9) node_modules/egg-development/config/config.default.js",
    "start": 1640862246549,
    "end": 1640862246550,
    "duration": 1,
    "pid": 7580,
    "index": 13
  },
  {
    "name": "Require(10) node_modules/egg-logrotator/config/config.default.js",
    "start": 1640862246551,
    "end": 1640862246552,
    "duration": 1,
    "pid": 7580,
    "index": 14
  },
  {
    "name": "Require(11) node_modules/egg-static/config/config.default.js",
    "start": 1640862246553,
    "end": 1640862246554,
    "duration": 1,
    "pid": 7580,
    "index": 15
  },
  {
    "name": "Require(12) node_modules/egg-view/config/config.default.js",
    "start": 1640862246556,
    "end": 1640862246556,
    "duration": 0,
    "pid": 7580,
    "index": 16
  },
  {
    "name": "Require(13) node_modules/egg-sequelize/config/config.default.js",
    "start": 1640862246558,
    "end": 1640862246559,
    "duration": 1,
    "pid": 7580,
    "index": 17
  },
  {
    "name": "Require(14) node_modules/egg-validate/config/config.default.js",
    "start": 1640862246560,
    "end": 1640862246561,
    "duration": 1,
    "pid": 7580,
    "index": 18
  },
  {
    "name": "Require(15) node_modules/egg-cors/config/config.default.js",
    "start": 1640862246562,
    "end": 1640862246563,
    "duration": 1,
    "pid": 7580,
    "index": 19
  },
  {
    "name": "Require(16) node_modules/egg/config/config.default.js",
    "start": 1640862246563,
    "end": 1640862246564,
    "duration": 1,
    "pid": 7580,
    "index": 20
  },
  {
    "name": "Require(17) config/config.default.js",
    "start": 1640862246566,
    "end": 1640862246566,
    "duration": 0,
    "pid": 7580,
    "index": 21
  },
  {
    "name": "Require(18) node_modules/egg-security/config/config.local.js",
    "start": 1640862246568,
    "end": 1640862246568,
    "duration": 0,
    "pid": 7580,
    "index": 22
  },
  {
    "name": "Require(19) node_modules/egg-watcher/config/config.local.js",
    "start": 1640862246571,
    "end": 1640862246571,
    "duration": 0,
    "pid": 7580,
    "index": 23
  },
  {
    "name": "Require(20) node_modules/egg-view/config/config.local.js",
    "start": 1640862246575,
    "end": 1640862246576,
    "duration": 1,
    "pid": 7580,
    "index": 24
  },
  {
    "name": "Require(21) node_modules/egg/config/config.local.js",
    "start": 1640862246578,
    "end": 1640862246579,
    "duration": 1,
    "pid": 7580,
    "index": 25
  },
  {
    "name": "Load extend/application.js",
    "start": 1640862246580,
    "end": 1640862246618,
    "duration": 38,
    "pid": 7580,
    "index": 26
  },
  {
    "name": "Require(22) node_modules/egg-session/app/extend/application.js",
    "start": 1640862246582,
    "end": 1640862246584,
    "duration": 2,
    "pid": 7580,
    "index": 27
  },
  {
    "name": "Require(23) node_modules/egg-security/app/extend/application.js",
    "start": 1640862246586,
    "end": 1640862246589,
    "duration": 3,
    "pid": 7580,
    "index": 28
  },
  {
    "name": "Require(24) node_modules/egg-jsonp/app/extend/application.js",
    "start": 1640862246590,
    "end": 1640862246593,
    "duration": 3,
    "pid": 7580,
    "index": 29
  },
  {
    "name": "Require(25) node_modules/egg-logrotator/app/extend/application.js",
    "start": 1640862246598,
    "end": 1640862246601,
    "duration": 3,
    "pid": 7580,
    "index": 30
  },
  {
    "name": "Require(26) node_modules/egg-view/app/extend/application.js",
    "start": 1640862246603,
    "end": 1640862246606,
    "duration": 3,
    "pid": 7580,
    "index": 31
  },
  {
    "name": "Load extend/request.js",
    "start": 1640862246618,
    "end": 1640862246640,
    "duration": 22,
    "pid": 7580,
    "index": 32
  },
  {
    "name": "Require(27) node_modules/egg/app/extend/request.js",
    "start": 1640862246628,
    "end": 1640862246630,
    "duration": 2,
    "pid": 7580,
    "index": 33
  },
  {
    "name": "Load extend/response.js",
    "start": 1640862246640,
    "end": 1640862246665,
    "duration": 25,
    "pid": 7580,
    "index": 34
  },
  {
    "name": "Require(28) node_modules/egg/app/extend/response.js",
    "start": 1640862246648,
    "end": 1640862246652,
    "duration": 4,
    "pid": 7580,
    "index": 35
  },
  {
    "name": "Load extend/context.js",
    "start": 1640862246665,
    "end": 1640862246896,
    "duration": 231,
    "pid": 7580,
    "index": 36
  },
  {
    "name": "Require(29) node_modules/egg-security/app/extend/context.js",
    "start": 1640862246668,
    "end": 1640862246705,
    "duration": 37,
    "pid": 7580,
    "index": 37
  },
  {
    "name": "Require(30) node_modules/egg-jsonp/app/extend/context.js",
    "start": 1640862246706,
    "end": 1640862246714,
    "duration": 8,
    "pid": 7580,
    "index": 38
  },
  {
    "name": "Require(31) node_modules/egg-i18n/app/extend/context.js",
    "start": 1640862246718,
    "end": 1640862246720,
    "duration": 2,
    "pid": 7580,
    "index": 39
  },
  {
    "name": "Require(32) node_modules/egg-multipart/app/extend/context.js",
    "start": 1640862246724,
    "end": 1640862246872,
    "duration": 148,
    "pid": 7580,
    "index": 40
  },
  {
    "name": "Require(33) node_modules/egg-view/app/extend/context.js",
    "start": 1640862246874,
    "end": 1640862246877,
    "duration": 3,
    "pid": 7580,
    "index": 41
  },
  {
    "name": "Require(34) node_modules/egg-validate/app/extend/context.js",
    "start": 1640862246879,
    "end": 1640862246880,
    "duration": 1,
    "pid": 7580,
    "index": 42
  },
  {
    "name": "Require(35) node_modules/egg/app/extend/context.js",
    "start": 1640862246881,
    "end": 1640862246882,
    "duration": 1,
    "pid": 7580,
    "index": 43
  },
  {
    "name": "Require(36) app/extend/context.js",
    "start": 1640862246884,
    "end": 1640862246885,
    "duration": 1,
    "pid": 7580,
    "index": 44
  },
  {
    "name": "Load extend/helper.js",
    "start": 1640862246896,
    "end": 1640862246995,
    "duration": 99,
    "pid": 7580,
    "index": 45
  },
  {
    "name": "Require(37) node_modules/egg-security/app/extend/helper.js",
    "start": 1640862246898,
    "end": 1640862246934,
    "duration": 36,
    "pid": 7580,
    "index": 46
  },
  {
    "name": "Require(38) node_modules/egg/app/extend/helper.js",
    "start": 1640862246942,
    "end": 1640862246942,
    "duration": 0,
    "pid": 7580,
    "index": 47
  },
  {
    "name": "Require(39) app/extend/helper.js",
    "start": 1640862246943,
    "end": 1640862246985,
    "duration": 42,
    "pid": 7580,
    "index": 48
  },
  {
    "name": "Load app.js",
    "start": 1640862246995,
    "end": 1640862247089,
    "duration": 94,
    "pid": 7580,
    "index": 49
  },
  {
    "name": "Require(40) node_modules/egg-session/app.js",
    "start": 1640862246996,
    "end": 1640862246997,
    "duration": 1,
    "pid": 7580,
    "index": 50
  },
  {
    "name": "Require(41) node_modules/egg-security/app.js",
    "start": 1640862246998,
    "end": 1640862247001,
    "duration": 3,
    "pid": 7580,
    "index": 51
  },
  {
    "name": "Require(42) node_modules/egg-onerror/app.js",
    "start": 1640862247003,
    "end": 1640862247021,
    "duration": 18,
    "pid": 7580,
    "index": 52
  },
  {
    "name": "Require(43) node_modules/egg-i18n/app.js",
    "start": 1640862247022,
    "end": 1640862247059,
    "duration": 37,
    "pid": 7580,
    "index": 53
  },
  {
    "name": "Require(44) node_modules/egg-watcher/app.js",
    "start": 1640862247060,
    "end": 1640862247067,
    "duration": 7,
    "pid": 7580,
    "index": 54
  },
  {
    "name": "Require(45) node_modules/egg-schedule/app.js",
    "start": 1640862247068,
    "end": 1640862247071,
    "duration": 3,
    "pid": 7580,
    "index": 55
  },
  {
    "name": "Require(46) node_modules/egg-multipart/app.js",
    "start": 1640862247072,
    "end": 1640862247073,
    "duration": 1,
    "pid": 7580,
    "index": 56
  },
  {
    "name": "Require(47) node_modules/egg-development/app.js",
    "start": 1640862247074,
    "end": 1640862247075,
    "duration": 1,
    "pid": 7580,
    "index": 57
  },
  {
    "name": "Require(48) node_modules/egg-logrotator/app.js",
    "start": 1640862247076,
    "end": 1640862247077,
    "duration": 1,
    "pid": 7580,
    "index": 58
  },
  {
    "name": "Require(49) node_modules/egg-static/app.js",
    "start": 1640862247078,
    "end": 1640862247078,
    "duration": 0,
    "pid": 7580,
    "index": 59
  },
  {
    "name": "Require(50) node_modules/egg-sequelize/app.js",
    "start": 1640862247080,
    "end": 1640862247081,
    "duration": 1,
    "pid": 7580,
    "index": 60
  },
  {
    "name": "Require(51) node_modules/egg-validate/app.js",
    "start": 1640862247082,
    "end": 1640862247085,
    "duration": 3,
    "pid": 7580,
    "index": 61
  },
  {
    "name": "Require(52) node_modules/egg-cors/app.js",
    "start": 1640862247086,
    "end": 1640862247086,
    "duration": 0,
    "pid": 7580,
    "index": 62
  },
  {
    "name": "Before Start in node_modules/egg-watcher/lib/init.js:15:14",
    "start": 1640862247114,
    "end": 1640862248218,
    "duration": 1104,
    "pid": 7580,
    "index": 63
  },
  {
    "name": "Load \"Symbol(model)\" to Application",
    "start": 1640862247812,
    "end": 1640862247848,
    "duration": 36,
    "pid": 7580,
    "index": 64
  },
  {
    "name": "Before Start in node_modules/egg-sequelize/lib/loader.js:39:7",
    "start": 1640862247851,
    "end": 1640862248237,
    "duration": 386,
    "pid": 7580,
    "index": 65
  },
  {
    "name": "Load Service",
    "start": 1640862247852,
    "end": 1640862247872,
    "duration": 20,
    "pid": 7580,
    "index": 66
  },
  {
    "name": "Load \"service\" to Context",
    "start": 1640862247852,
    "end": 1640862247872,
    "duration": 20,
    "pid": 7580,
    "index": 67
  },
  {
    "name": "Load Middleware",
    "start": 1640862247872,
    "end": 1640862248068,
    "duration": 196,
    "pid": 7580,
    "index": 68
  },
  {
    "name": "Load \"middlewares\" to Application",
    "start": 1640862247872,
    "end": 1640862248048,
    "duration": 176,
    "pid": 7580,
    "index": 69
  },
  {
    "name": "Load Controller",
    "start": 1640862248068,
    "end": 1640862248144,
    "duration": 76,
    "pid": 7580,
    "index": 70
  },
  {
    "name": "Load \"controller\" to Application",
    "start": 1640862248069,
    "end": 1640862248144,
    "duration": 75,
    "pid": 7580,
    "index": 71
  },
  {
    "name": "Load Router",
    "start": 1640862248144,
    "end": 1640862248155,
    "duration": 11,
    "pid": 7580,
    "index": 72
  },
  {
    "name": "Require(53) app/router.js",
    "start": 1640862248145,
    "end": 1640862248146,
    "duration": 1,
    "pid": 7580,
    "index": 73
  },
  {
    "name": "Before Start in node_modules/egg-core/lib/egg.js:303:10",
    "start": 1640862248146,
    "end": 1640862248177,
    "duration": 31,
    "pid": 7580,
    "index": 74
  }
]