[
  {
    "name": "Process Start",
    "start": 1640862343951,
    "end": 1640862346873,
    "duration": 2922,
    "pid": 9252,
    "index": 0
  },
  {
    "name": "Application Start",
    "start": 1640862346874,
    "end": 1640862348999,
    "duration": 2125,
    "pid": 9252,
    "index": 1
  },
  {
    "name": "Load Plugin",
    "start": 1640862346886,
    "end": 1640862346957,
    "duration": 71,
    "pid": 9252,
    "index": 2
  },
  {
    "name": "Load Config",
    "start": 1640862346957,
    "end": 1640862347022,
    "duration": 65,
    "pid": 9252,
    "index": 3
  },
  {
    "name": "Require(0) config/config.default.js",
    "start": 1640862346959,
    "end": 1640862346960,
    "duration": 1,
    "pid": 9252,
    "index": 4
  },
  {
    "name": "Require(1) node_modules/egg-session/config/config.default.js",
    "start": 1640862346965,
    "end": 1640862346966,
    "duration": 1,
    "pid": 9252,
    "index": 5
  },
  {
    "name": "Require(2) node_modules/egg-security/config/config.default.js",
    "start": 1640862346967,
    "end": 1640862346969,
    "duration": 2,
    "pid": 9252,
    "index": 6
  },
  {
    "name": "Require(3) node_modules/egg-jsonp/config/config.default.js",
    "start": 1640862346971,
    "end": 1640862346972,
    "duration": 1,
    "pid": 9252,
    "index": 7
  },
  {
    "name": "Require(4) node_modules/egg-onerror/config/config.default.js",
    "start": 1640862346973,
    "end": 1640862346974,
    "duration": 1,
    "pid": 9252,
    "index": 8
  },
  {
    "name": "Require(5) node_modules/egg-i18n/config/config.default.js",
    "start": 1640862346976,
    "end": 1640862346977,
    "duration": 1,
    "pid": 9252,
    "index": 9
  },
  {
    "name": "Require(6) node_modules/egg-watcher/config/config.default.js",
    "start": 1640862346979,
    "end": 1640862346980,
    "duration": 1,
    "pid": 9252,
    "index": 10
  },
  {
    "name": "Require(7) node_modules/egg-schedule/config/config.default.js",
    "start": 1640862346982,
    "end": 1640862346983,
    "duration": 1,
    "pid": 9252,
    "index": 11
  },
  {
    "name": "Require(8) node_modules/egg-multipart/config/config.default.js",
    "start": 1640862346984,
    "end": 1640862346985,
    "duration": 1,
    "pid": 9252,
    "index": 12
  },
  {
    "name": "Require(9) node_modules/egg-development/config/config.default.js",
    "start": 1640862346987,
    "end": 1640862346989,
    "duration": 2,
    "pid": 9252,
    "index": 13
  },
  {
    "name": "Require(10) node_modules/egg-logrotator/config/config.default.js",
    "start": 1640862346990,
    "end": 1640862346991,
    "duration": 1,
    "pid": 9252,
    "index": 14
  },
  {
    "name": "Require(11) node_modules/egg-static/config/config.default.js",
    "start": 1640862346993,
    "end": 1640862346994,
    "duration": 1,
    "pid": 9252,
    "index": 15
  },
  {
    "name": "Require(12) node_modules/egg-view/config/config.default.js",
    "start": 1640862346995,
    "end": 1640862346996,
    "duration": 1,
    "pid": 9252,
    "index": 16
  },
  {
    "name": "Require(13) node_modules/egg-sequelize/config/config.default.js",
    "start": 1640862346998,
    "end": 1640862346999,
    "duration": 1,
    "pid": 9252,
    "index": 17
  },
  {
    "name": "Require(14) node_modules/egg-validate/config/config.default.js",
    "start": 1640862347001,
    "end": 1640862347002,
    "duration": 1,
    "pid": 9252,
    "index": 18
  },
  {
    "name": "Require(15) node_modules/egg-cors/config/config.default.js",
    "start": 1640862347003,
    "end": 1640862347004,
    "duration": 1,
    "pid": 9252,
    "index": 19
  },
  {
    "name": "Require(16) node_modules/egg/config/config.default.js",
    "start": 1640862347005,
    "end": 1640862347006,
    "duration": 1,
    "pid": 9252,
    "index": 20
  },
  {
    "name": "Require(17) config/config.default.js",
    "start": 1640862347008,
    "end": 1640862347008,
    "duration": 0,
    "pid": 9252,
    "index": 21
  },
  {
    "name": "Require(18) node_modules/egg-security/config/config.local.js",
    "start": 1640862347010,
    "end": 1640862347010,
    "duration": 0,
    "pid": 9252,
    "index": 22
  },
  {
    "name": "Require(19) node_modules/egg-watcher/config/config.local.js",
    "start": 1640862347013,
    "end": 1640862347013,
    "duration": 0,
    "pid": 9252,
    "index": 23
  },
  {
    "name": "Require(20) node_modules/egg-view/config/config.local.js",
    "start": 1640862347017,
    "end": 1640862347018,
    "duration": 1,
    "pid": 9252,
    "index": 24
  },
  {
    "name": "Require(21) node_modules/egg/config/config.local.js",
    "start": 1640862347021,
    "end": 1640862347022,
    "duration": 1,
    "pid": 9252,
    "index": 25
  },
  {
    "name": "Load extend/application.js",
    "start": 1640862347023,
    "end": 1640862347068,
    "duration": 45,
    "pid": 9252,
    "index": 26
  },
  {
    "name": "Require(22) node_modules/egg-session/app/extend/application.js",
    "start": 1640862347026,
    "end": 1640862347028,
    "duration": 2,
    "pid": 9252,
    "index": 27
  },
  {
    "name": "Require(23) node_modules/egg-security/app/extend/application.js",
    "start": 1640862347029,
    "end": 1640862347033,
    "duration": 4,
    "pid": 9252,
    "index": 28
  },
  {
    "name": "Require(24) node_modules/egg-jsonp/app/extend/application.js",
    "start": 1640862347035,
    "end": 1640862347038,
    "duration": 3,
    "pid": 9252,
    "index": 29
  },
  {
    "name": "Require(25) node_modules/egg-logrotator/app/extend/application.js",
    "start": 1640862347044,
    "end": 1640862347048,
    "duration": 4,
    "pid": 9252,
    "index": 30
  },
  {
    "name": "Require(26) node_modules/egg-view/app/extend/application.js",
    "start": 1640862347049,
    "end": 1640862347053,
    "duration": 4,
    "pid": 9252,
    "index": 31
  },
  {
    "name": "Load extend/request.js",
    "start": 1640862347068,
    "end": 1640862347094,
    "duration": 26,
    "pid": 9252,
    "index": 32
  },
  {
    "name": "Require(27) node_modules/egg/app/extend/request.js",
    "start": 1640862347080,
    "end": 1640862347082,
    "duration": 2,
    "pid": 9252,
    "index": 33
  },
  {
    "name": "Load extend/response.js",
    "start": 1640862347094,
    "end": 1640862347120,
    "duration": 26,
    "pid": 9252,
    "index": 34
  },
  {
    "name": "Require(28) node_modules/egg/app/extend/response.js",
    "start": 1640862347104,
    "end": 1640862347108,
    "duration": 4,
    "pid": 9252,
    "index": 35
  },
  {
    "name": "Load extend/context.js",
    "start": 1640862347120,
    "end": 1640862347294,
    "duration": 174,
    "pid": 9252,
    "index": 36
  },
  {
    "name": "Require(29) node_modules/egg-security/app/extend/context.js",
    "start": 1640862347121,
    "end": 1640862347147,
    "duration": 26,
    "pid": 9252,
    "index": 37
  },
  {
    "name": "Require(30) node_modules/egg-jsonp/app/extend/context.js",
    "start": 1640862347147,
    "end": 1640862347151,
    "duration": 4,
    "pid": 9252,
    "index": 38
  },
  {
    "name": "Require(31) node_modules/egg-i18n/app/extend/context.js",
    "start": 1640862347153,
    "end": 1640862347154,
    "duration": 1,
    "pid": 9252,
    "index": 39
  },
  {
    "name": "Require(32) node_modules/egg-multipart/app/extend/context.js",
    "start": 1640862347157,
    "end": 1640862347272,
    "duration": 115,
    "pid": 9252,
    "index": 40
  },
  {
    "name": "Require(33) node_modules/egg-view/app/extend/context.js",
    "start": 1640862347275,
    "end": 1640862347277,
    "duration": 2,
    "pid": 9252,
    "index": 41
  },
  {
    "name": "Require(34) node_modules/egg-validate/app/extend/context.js",
    "start": 1640862347279,
    "end": 1640862347280,
    "duration": 1,
    "pid": 9252,
    "index": 42
  },
  {
    "name": "Require(35) node_modules/egg/app/extend/context.js",
    "start": 1640862347281,
    "end": 1640862347282,
    "duration": 1,
    "pid": 9252,
    "index": 43
  },
  {
    "name": "Require(36) app/extend/context.js",
    "start": 1640862347284,
    "end": 1640862347284,
    "duration": 0,
    "pid": 9252,
    "index": 44
  },
  {
    "name": "Load extend/helper.js",
    "start": 1640862347294,
    "end": 1640862347400,
    "duration": 106,
    "pid": 9252,
    "index": 45
  },
  {
    "name": "Require(37) node_modules/egg-security/app/extend/helper.js",
    "start": 1640862347296,
    "end": 1640862347336,
    "duration": 40,
    "pid": 9252,
    "index": 46
  },
  {
    "name": "Require(38) node_modules/egg/app/extend/helper.js",
    "start": 1640862347344,
    "end": 1640862347345,
    "duration": 1,
    "pid": 9252,
    "index": 47
  },
  {
    "name": "Require(39) app/extend/helper.js",
    "start": 1640862347345,
    "end": 1640862347390,
    "duration": 45,
    "pid": 9252,
    "index": 48
  },
  {
    "name": "Load app.js",
    "start": 1640862347401,
    "end": 1640862347509,
    "duration": 108,
    "pid": 9252,
    "index": 49
  },
  {
    "name": "Require(40) node_modules/egg-session/app.js",
    "start": 1640862347402,
    "end": 1640862347403,
    "duration": 1,
    "pid": 9252,
    "index": 50
  },
  {
    "name": "Require(41) node_modules/egg-security/app.js",
    "start": 1640862347404,
    "end": 1640862347408,
    "duration": 4,
    "pid": 9252,
    "index": 51
  },
  {
    "name": "Require(42) node_modules/egg-onerror/app.js",
    "start": 1640862347410,
    "end": 1640862347431,
    "duration": 21,
    "pid": 9252,
    "index": 52
  },
  {
    "name": "Require(43) node_modules/egg-i18n/app.js",
    "start": 1640862347432,
    "end": 1640862347472,
    "duration": 40,
    "pid": 9252,
    "index": 53
  },
  {
    "name": "Require(44) node_modules/egg-watcher/app.js",
    "start": 1640862347473,
    "end": 1640862347482,
    "duration": 9,
    "pid": 9252,
    "index": 54
  },
  {
    "name": "Require(45) node_modules/egg-schedule/app.js",
    "start": 1640862347483,
    "end": 1640862347487,
    "duration": 4,
    "pid": 9252,
    "index": 55
  },
  {
    "name": "Require(46) node_modules/egg-multipart/app.js",
    "start": 1640862347488,
    "end": 1640862347489,
    "duration": 1,
    "pid": 9252,
    "index": 56
  },
  {
    "name": "Require(47) node_modules/egg-development/app.js",
    "start": 1640862347490,
    "end": 1640862347490,
    "duration": 0,
    "pid": 9252,
    "index": 57
  },
  {
    "name": "Require(48) node_modules/egg-logrotator/app.js",
    "start": 1640862347491,
    "end": 1640862347492,
    "duration": 1,
    "pid": 9252,
    "index": 58
  },
  {
    "name": "Require(49) node_modules/egg-static/app.js",
    "start": 1640862347492,
    "end": 1640862347493,
    "duration": 1,
    "pid": 9252,
    "index": 59
  },
  {
    "name": "Require(50) node_modules/egg-sequelize/app.js",
    "start": 1640862347495,
    "end": 1640862347495,
    "duration": 0,
    "pid": 9252,
    "index": 60
  },
  {
    "name": "Require(51) node_modules/egg-validate/app.js",
    "start": 1640862347496,
    "end": 1640862347505,
    "duration": 9,
    "pid": 9252,
    "index": 61
  },
  {
    "name": "Require(52) node_modules/egg-cors/app.js",
    "start": 1640862347506,
    "end": 1640862347507,
    "duration": 1,
    "pid": 9252,
    "index": 62
  },
  {
    "name": "Before Start in node_modules/egg-watcher/lib/init.js:15:14",
    "start": 1640862347532,
    "end": 1640862348979,
    "duration": 1447,
    "pid": 9252,
    "index": 63
  },
  {
    "name": "Load \"Symbol(model)\" to Application",
    "start": 1640862348391,
    "end": 1640862348435,
    "duration": 44,
    "pid": 9252,
    "index": 64
  },
  {
    "name": "Before Start in node_modules/egg-sequelize/lib/loader.js:39:7",
    "start": 1640862348438,
    "end": 1640862348999,
    "duration": 561,
    "pid": 9252,
    "index": 65
  },
  {
    "name": "Load Service",
    "start": 1640862348438,
    "end": 1640862348462,
    "duration": 24,
    "pid": 9252,
    "index": 66
  },
  {
    "name": "Load \"service\" to Context",
    "start": 1640862348438,
    "end": 1640862348462,
    "duration": 24,
    "pid": 9252,
    "index": 67
  },
  {
    "name": "Load Middleware",
    "start": 1640862348463,
    "end": 1640862348762,
    "duration": 299,
    "pid": 9252,
    "index": 68
  },
  {
    "name": "Load \"middlewares\" to Application",
    "start": 1640862348463,
    "end": 1640862348737,
    "duration": 274,
    "pid": 9252,
    "index": 69
  },
  {
    "name": "Load Controller",
    "start": 1640862348762,
    "end": 1640862348876,
    "duration": 114,
    "pid": 9252,
    "index": 70
  },
  {
    "name": "Load \"controller\" to Application",
    "start": 1640862348762,
    "end": 1640862348876,
    "duration": 114,
    "pid": 9252,
    "index": 71
  },
  {
    "name": "Load Router",
    "start": 1640862348876,
    "end": 1640862348897,
    "duration": 21,
    "pid": 9252,
    "index": 72
  },
  {
    "name": "Require(53) app/router.js",
    "start": 1640862348878,
    "end": 1640862348879,
    "duration": 1,
    "pid": 9252,
    "index": 73
  },
  {
    "name": "Before Start in node_modules/egg-core/lib/egg.js:303:10",
    "start": 1640862348880,
    "end": 1640862348925,
    "duration": 45,
    "pid": 9252,
    "index": 74
  }
]