[
  {
    "name": "Process Start",
    "start": 1640861966851,
    "end": 1640861970750,
    "duration": 3899,
    "pid": 11084,
    "index": 0
  },
  {
    "name": "Application Start",
    "start": 1640861970753,
    "end": 1640861972927,
    "duration": 2174,
    "pid": 11084,
    "index": 1
  },
  {
    "name": "Load Plugin",
    "start": 1640861970764,
    "end": 1640861970848,
    "duration": 84,
    "pid": 11084,
    "index": 2
  },
  {
    "name": "Load Config",
    "start": 1640861970849,
    "end": 1640861970919,
    "duration": 70,
    "pid": 11084,
    "index": 3
  },
  {
    "name": "Require(0) config/config.default.js",
    "start": 1640861970851,
    "end": 1640861970851,
    "duration": 0,
    "pid": 11084,
    "index": 4
  },
  {
    "name": "Require(1) node_modules/egg-session/config/config.default.js",
    "start": 1640861970855,
    "end": 1640861970856,
    "duration": 1,
    "pid": 11084,
    "index": 5
  },
  {
    "name": "Require(2) node_modules/egg-security/config/config.default.js",
    "start": 1640861970858,
    "end": 1640861970859,
    "duration": 1,
    "pid": 11084,
    "index": 6
  },
  {
    "name": "Require(3) node_modules/egg-jsonp/config/config.default.js",
    "start": 1640861970862,
    "end": 1640861970863,
    "duration": 1,
    "pid": 11084,
    "index": 7
  },
  {
    "name": "Require(4) node_modules/egg-onerror/config/config.default.js",
    "start": 1640861970865,
    "end": 1640861970866,
    "duration": 1,
    "pid": 11084,
    "index": 8
  },
  {
    "name": "Require(5) node_modules/egg-i18n/config/config.default.js",
    "start": 1640861970867,
    "end": 1640861970869,
    "duration": 2,
    "pid": 11084,
    "index": 9
  },
  {
    "name": "Require(6) node_modules/egg-watcher/config/config.default.js",
    "start": 1640861970871,
    "end": 1640861970872,
    "duration": 1,
    "pid": 11084,
    "index": 10
  },
  {
    "name": "Require(7) node_modules/egg-schedule/config/config.default.js",
    "start": 1640861970874,
    "end": 1640861970875,
    "duration": 1,
    "pid": 11084,
    "index": 11
  },
  {
    "name": "Require(8) node_modules/egg-multipart/config/config.default.js",
    "start": 1640861970877,
    "end": 1640861970878,
    "duration": 1,
    "pid": 11084,
    "index": 12
  },
  {
    "name": "Require(9) node_modules/egg-development/config/config.default.js",
    "start": 1640861970881,
    "end": 1640861970882,
    "duration": 1,
    "pid": 11084,
    "index": 13
  },
  {
    "name": "Require(10) node_modules/egg-logrotator/config/config.default.js",
    "start": 1640861970884,
    "end": 1640861970885,
    "duration": 1,
    "pid": 11084,
    "index": 14
  },
  {
    "name": "Require(11) node_modules/egg-static/config/config.default.js",
    "start": 1640861970887,
    "end": 1640861970888,
    "duration": 1,
    "pid": 11084,
    "index": 15
  },
  {
    "name": "Require(12) node_modules/egg-view/config/config.default.js",
    "start": 1640861970890,
    "end": 1640861970892,
    "duration": 2,
    "pid": 11084,
    "index": 16
  },
  {
    "name": "Require(13) node_modules/egg-sequelize/config/config.default.js",
    "start": 1640861970894,
    "end": 1640861970895,
    "duration": 1,
    "pid": 11084,
    "index": 17
  },
  {
    "name": "Require(14) node_modules/egg-validate/config/config.default.js",
    "start": 1640861970896,
    "end": 1640861970897,
    "duration": 1,
    "pid": 11084,
    "index": 18
  },
  {
    "name": "Require(15) node_modules/egg-cors/config/config.default.js",
    "start": 1640861970898,
    "end": 1640861970899,
    "duration": 1,
    "pid": 11084,
    "index": 19
  },
  {
    "name": "Require(16) node_modules/egg/config/config.default.js",
    "start": 1640861970900,
    "end": 1640861970901,
    "duration": 1,
    "pid": 11084,
    "index": 20
  },
  {
    "name": "Require(17) config/config.default.js",
    "start": 1640861970904,
    "end": 1640861970904,
    "duration": 0,
    "pid": 11084,
    "index": 21
  },
  {
    "name": "Require(18) node_modules/egg-security/config/config.local.js",
    "start": 1640861970907,
    "end": 1640861970907,
    "duration": 0,
    "pid": 11084,
    "index": 22
  },
  {
    "name": "Require(19) node_modules/egg-watcher/config/config.local.js",
    "start": 1640861970910,
    "end": 1640861970911,
    "duration": 1,
    "pid": 11084,
    "index": 23
  },
  {
    "name": "Require(20) node_modules/egg-view/config/config.local.js",
    "start": 1640861970915,
    "end": 1640861970915,
    "duration": 0,
    "pid": 11084,
    "index": 24
  },
  {
    "name": "Require(21) node_modules/egg/config/config.local.js",
    "start": 1640861970918,
    "end": 1640861970919,
    "duration": 1,
    "pid": 11084,
    "index": 25
  },
  {
    "name": "Load extend/application.js",
    "start": 1640861970921,
    "end": 1640861970976,
    "duration": 55,
    "pid": 11084,
    "index": 26
  },
  {
    "name": "Require(22) node_modules/egg-session/app/extend/application.js",
    "start": 1640861970923,
    "end": 1640861970925,
    "duration": 2,
    "pid": 11084,
    "index": 27
  },
  {
    "name": "Require(23) node_modules/egg-security/app/extend/application.js",
    "start": 1640861970928,
    "end": 1640861970932,
    "duration": 4,
    "pid": 11084,
    "index": 28
  },
  {
    "name": "Require(24) node_modules/egg-jsonp/app/extend/application.js",
    "start": 1640861970935,
    "end": 1640861970939,
    "duration": 4,
    "pid": 11084,
    "index": 29
  },
  {
    "name": "Require(25) node_modules/egg-logrotator/app/extend/application.js",
    "start": 1640861970947,
    "end": 1640861970952,
    "duration": 5,
    "pid": 11084,
    "index": 30
  },
  {
    "name": "Require(26) node_modules/egg-view/app/extend/application.js",
    "start": 1640861970955,
    "end": 1640861970959,
    "duration": 4,
    "pid": 11084,
    "index": 31
  },
  {
    "name": "Load extend/request.js",
    "start": 1640861970976,
    "end": 1640861971001,
    "duration": 25,
    "pid": 11084,
    "index": 32
  },
  {
    "name": "Require(27) node_modules/egg/app/extend/request.js",
    "start": 1640861970987,
    "end": 1640861970989,
    "duration": 2,
    "pid": 11084,
    "index": 33
  },
  {
    "name": "Load extend/response.js",
    "start": 1640861971001,
    "end": 1640861971027,
    "duration": 26,
    "pid": 11084,
    "index": 34
  },
  {
    "name": "Require(28) node_modules/egg/app/extend/response.js",
    "start": 1640861971012,
    "end": 1640861971016,
    "duration": 4,
    "pid": 11084,
    "index": 35
  },
  {
    "name": "Load extend/context.js",
    "start": 1640861971027,
    "end": 1640861971250,
    "duration": 223,
    "pid": 11084,
    "index": 36
  },
  {
    "name": "Require(29) node_modules/egg-security/app/extend/context.js",
    "start": 1640861971029,
    "end": 1640861971063,
    "duration": 34,
    "pid": 11084,
    "index": 37
  },
  {
    "name": "Require(30) node_modules/egg-jsonp/app/extend/context.js",
    "start": 1640861971063,
    "end": 1640861971068,
    "duration": 5,
    "pid": 11084,
    "index": 38
  },
  {
    "name": "Require(31) node_modules/egg-i18n/app/extend/context.js",
    "start": 1640861971070,
    "end": 1640861971071,
    "duration": 1,
    "pid": 11084,
    "index": 39
  },
  {
    "name": "Require(32) node_modules/egg-multipart/app/extend/context.js",
    "start": 1640861971073,
    "end": 1640861971227,
    "duration": 154,
    "pid": 11084,
    "index": 40
  },
  {
    "name": "Require(33) node_modules/egg-view/app/extend/context.js",
    "start": 1640861971230,
    "end": 1640861971232,
    "duration": 2,
    "pid": 11084,
    "index": 41
  },
  {
    "name": "Require(34) node_modules/egg-validate/app/extend/context.js",
    "start": 1640861971234,
    "end": 1640861971235,
    "duration": 1,
    "pid": 11084,
    "index": 42
  },
  {
    "name": "Require(35) node_modules/egg/app/extend/context.js",
    "start": 1640861971236,
    "end": 1640861971238,
    "duration": 2,
    "pid": 11084,
    "index": 43
  },
  {
    "name": "Require(36) app/extend/context.js",
    "start": 1640861971239,
    "end": 1640861971240,
    "duration": 1,
    "pid": 11084,
    "index": 44
  },
  {
    "name": "Load extend/helper.js",
    "start": 1640861971253,
    "end": 1640861971377,
    "duration": 124,
    "pid": 11084,
    "index": 45
  },
  {
    "name": "Require(37) node_modules/egg-security/app/extend/helper.js",
    "start": 1640861971258,
    "end": 1640861971305,
    "duration": 47,
    "pid": 11084,
    "index": 46
  },
  {
    "name": "Require(38) node_modules/egg/app/extend/helper.js",
    "start": 1640861971314,
    "end": 1640861971315,
    "duration": 1,
    "pid": 11084,
    "index": 47
  },
  {
    "name": "Require(39) app/extend/helper.js",
    "start": 1640861971316,
    "end": 1640861971367,
    "duration": 51,
    "pid": 11084,
    "index": 48
  },
  {
    "name": "Load app.js",
    "start": 1640861971377,
    "end": 1640861971496,
    "duration": 119,
    "pid": 11084,
    "index": 49
  },
  {
    "name": "Require(40) node_modules/egg-session/app.js",
    "start": 1640861971378,
    "end": 1640861971379,
    "duration": 1,
    "pid": 11084,
    "index": 50
  },
  {
    "name": "Require(41) node_modules/egg-security/app.js",
    "start": 1640861971380,
    "end": 1640861971384,
    "duration": 4,
    "pid": 11084,
    "index": 51
  },
  {
    "name": "Require(42) node_modules/egg-onerror/app.js",
    "start": 1640861971386,
    "end": 1640861971414,
    "duration": 28,
    "pid": 11084,
    "index": 52
  },
  {
    "name": "Require(43) node_modules/egg-i18n/app.js",
    "start": 1640861971416,
    "end": 1640861971461,
    "duration": 45,
    "pid": 11084,
    "index": 53
  },
  {
    "name": "Require(44) node_modules/egg-watcher/app.js",
    "start": 1640861971462,
    "end": 1640861971472,
    "duration": 10,
    "pid": 11084,
    "index": 54
  },
  {
    "name": "Require(45) node_modules/egg-schedule/app.js",
    "start": 1640861971473,
    "end": 1640861971477,
    "duration": 4,
    "pid": 11084,
    "index": 55
  },
  {
    "name": "Require(46) node_modules/egg-multipart/app.js",
    "start": 1640861971477,
    "end": 1640861971478,
    "duration": 1,
    "pid": 11084,
    "index": 56
  },
  {
    "name": "Require(47) node_modules/egg-development/app.js",
    "start": 1640861971480,
    "end": 1640861971480,
    "duration": 0,
    "pid": 11084,
    "index": 57
  },
  {
    "name": "Require(48) node_modules/egg-logrotator/app.js",
    "start": 1640861971481,
    "end": 1640861971482,
    "duration": 1,
    "pid": 11084,
    "index": 58
  },
  {
    "name": "Require(49) node_modules/egg-static/app.js",
    "start": 1640861971482,
    "end": 1640861971483,
    "duration": 1,
    "pid": 11084,
    "index": 59
  },
  {
    "name": "Require(50) node_modules/egg-sequelize/app.js",
    "start": 1640861971485,
    "end": 1640861971485,
    "duration": 0,
    "pid": 11084,
    "index": 60
  },
  {
    "name": "Require(51) node_modules/egg-validate/app.js",
    "start": 1640861971486,
    "end": 1640861971491,
    "duration": 5,
    "pid": 11084,
    "index": 61
  },
  {
    "name": "Require(52) node_modules/egg-cors/app.js",
    "start": 1640861971492,
    "end": 1640861971493,
    "duration": 1,
    "pid": 11084,
    "index": 62
  },
  {
    "name": "Before Start in node_modules/egg-watcher/lib/init.js:15:14",
    "start": 1640861971525,
    "end": 1640861972902,
    "duration": 1377,
    "pid": 11084,
    "index": 63
  },
  {
    "name": "Load \"Symbol(model)\" to Application",
    "start": 1640861972366,
    "end": 1640861972408,
    "duration": 42,
    "pid": 11084,
    "index": 64
  },
  {
    "name": "Before Start in node_modules/egg-sequelize/lib/loader.js:39:7",
    "start": 1640861972411,
    "end": 1640861972927,
    "duration": 516,
    "pid": 11084,
    "index": 65
  },
  {
    "name": "Load Service",
    "start": 1640861972412,
    "end": 1640861972440,
    "duration": 28,
    "pid": 11084,
    "index": 66
  },
  {
    "name": "Load \"service\" to Context",
    "start": 1640861972412,
    "end": 1640861972440,
    "duration": 28,
    "pid": 11084,
    "index": 67
  },
  {
    "name": "Load Middleware",
    "start": 1640861972440,
    "end": 1640861972699,
    "duration": 259,
    "pid": 11084,
    "index": 68
  },
  {
    "name": "Load \"middlewares\" to Application",
    "start": 1640861972440,
    "end": 1640861972674,
    "duration": 234,
    "pid": 11084,
    "index": 69
  },
  {
    "name": "Load Controller",
    "start": 1640861972699,
    "end": 1640861972797,
    "duration": 98,
    "pid": 11084,
    "index": 70
  },
  {
    "name": "Load \"controller\" to Application",
    "start": 1640861972699,
    "end": 1640861972797,
    "duration": 98,
    "pid": 11084,
    "index": 71
  },
  {
    "name": "Load Router",
    "start": 1640861972797,
    "end": 1640861972811,
    "duration": 14,
    "pid": 11084,
    "index": 72
  },
  {
    "name": "Require(53) app/router.js",
    "start": 1640861972798,
    "end": 1640861972798,
    "duration": 0,
    "pid": 11084,
    "index": 73
  },
  {
    "name": "Before Start in node_modules/egg-core/lib/egg.js:303:10",
    "start": 1640861972799,
    "end": 1640861972856,
    "duration": 57,
    "pid": 11084,
    "index": 74
  }
]