[
  {
    "name": "Process Start",
    "start": 1640857295985,
    "end": 1640857298876,
    "duration": 2891,
    "pid": 5872,
    "index": 0
  },
  {
    "name": "Application Start",
    "start": 1640857298877,
    "end": 1640857300747,
    "duration": 1870,
    "pid": 5872,
    "index": 1
  },
  {
    "name": "Load Plugin",
    "start": 1640857298887,
    "end": 1640857298956,
    "duration": 69,
    "pid": 5872,
    "index": 2
  },
  {
    "name": "Load Config",
    "start": 1640857298956,
    "end": 1640857299021,
    "duration": 65,
    "pid": 5872,
    "index": 3
  },
  {
    "name": "Require(0) config/config.default.js",
    "start": 1640857298957,
    "end": 1640857298958,
    "duration": 1,
    "pid": 5872,
    "index": 4
  },
  {
    "name": "Require(1) node_modules/egg-session/config/config.default.js",
    "start": 1640857298962,
    "end": 1640857298964,
    "duration": 2,
    "pid": 5872,
    "index": 5
  },
  {
    "name": "Require(2) node_modules/egg-security/config/config.default.js",
    "start": 1640857298965,
    "end": 1640857298966,
    "duration": 1,
    "pid": 5872,
    "index": 6
  },
  {
    "name": "Require(3) node_modules/egg-jsonp/config/config.default.js",
    "start": 1640857298969,
    "end": 1640857298970,
    "duration": 1,
    "pid": 5872,
    "index": 7
  },
  {
    "name": "Require(4) node_modules/egg-onerror/config/config.default.js",
    "start": 1640857298971,
    "end": 1640857298972,
    "duration": 1,
    "pid": 5872,
    "index": 8
  },
  {
    "name": "Require(5) node_modules/egg-i18n/config/config.default.js",
    "start": 1640857298973,
    "end": 1640857298974,
    "duration": 1,
    "pid": 5872,
    "index": 9
  },
  {
    "name": "Require(6) node_modules/egg-watcher/config/config.default.js",
    "start": 1640857298975,
    "end": 1640857298976,
    "duration": 1,
    "pid": 5872,
    "index": 10
  },
  {
    "name": "Require(7) node_modules/egg-schedule/config/config.default.js",
    "start": 1640857298977,
    "end": 1640857298978,
    "duration": 1,
    "pid": 5872,
    "index": 11
  },
  {
    "name": "Require(8) node_modules/egg-multipart/config/config.default.js",
    "start": 1640857298979,
    "end": 1640857298980,
    "duration": 1,
    "pid": 5872,
    "index": 12
  },
  {
    "name": "Require(9) node_modules/egg-development/config/config.default.js",
    "start": 1640857298982,
    "end": 1640857298983,
    "duration": 1,
    "pid": 5872,
    "index": 13
  },
  {
    "name": "Require(10) node_modules/egg-logrotator/config/config.default.js",
    "start": 1640857298985,
    "end": 1640857298986,
    "duration": 1,
    "pid": 5872,
    "index": 14
  },
  {
    "name": "Require(11) node_modules/egg-static/config/config.default.js",
    "start": 1640857298987,
    "end": 1640857298988,
    "duration": 1,
    "pid": 5872,
    "index": 15
  },
  {
    "name": "Require(12) node_modules/egg-view/config/config.default.js",
    "start": 1640857298990,
    "end": 1640857298990,
    "duration": 0,
    "pid": 5872,
    "index": 16
  },
  {
    "name": "Require(13) node_modules/egg-sequelize/config/config.default.js",
    "start": 1640857298992,
    "end": 1640857298993,
    "duration": 1,
    "pid": 5872,
    "index": 17
  },
  {
    "name": "Require(14) node_modules/egg-validate/config/config.default.js",
    "start": 1640857298994,
    "end": 1640857298995,
    "duration": 1,
    "pid": 5872,
    "index": 18
  },
  {
    "name": "Require(15) node_modules/egg-cors/config/config.default.js",
    "start": 1640857298995,
    "end": 1640857298997,
    "duration": 2,
    "pid": 5872,
    "index": 19
  },
  {
    "name": "Require(16) node_modules/egg/config/config.default.js",
    "start": 1640857298998,
    "end": 1640857298999,
    "duration": 1,
    "pid": 5872,
    "index": 20
  },
  {
    "name": "Require(17) config/config.default.js",
    "start": 1640857299002,
    "end": 1640857299002,
    "duration": 0,
    "pid": 5872,
    "index": 21
  },
  {
    "name": "Require(18) node_modules/egg-security/config/config.local.js",
    "start": 1640857299006,
    "end": 1640857299008,
    "duration": 2,
    "pid": 5872,
    "index": 22
  },
  {
    "name": "Require(19) node_modules/egg-watcher/config/config.local.js",
    "start": 1640857299012,
    "end": 1640857299012,
    "duration": 0,
    "pid": 5872,
    "index": 23
  },
  {
    "name": "Require(20) node_modules/egg-view/config/config.local.js",
    "start": 1640857299017,
    "end": 1640857299017,
    "duration": 0,
    "pid": 5872,
    "index": 24
  },
  {
    "name": "Require(21) node_modules/egg/config/config.local.js",
    "start": 1640857299021,
    "end": 1640857299021,
    "duration": 0,
    "pid": 5872,
    "index": 25
  },
  {
    "name": "Load extend/application.js",
    "start": 1640857299023,
    "end": 1640857299062,
    "duration": 39,
    "pid": 5872,
    "index": 26
  },
  {
    "name": "Require(22) node_modules/egg-session/app/extend/application.js",
    "start": 1640857299025,
    "end": 1640857299027,
    "duration": 2,
    "pid": 5872,
    "index": 27
  },
  {
    "name": "Require(23) node_modules/egg-security/app/extend/application.js",
    "start": 1640857299028,
    "end": 1640857299032,
    "duration": 4,
    "pid": 5872,
    "index": 28
  },
  {
    "name": "Require(24) node_modules/egg-jsonp/app/extend/application.js",
    "start": 1640857299033,
    "end": 1640857299036,
    "duration": 3,
    "pid": 5872,
    "index": 29
  },
  {
    "name": "Require(25) node_modules/egg-logrotator/app/extend/application.js",
    "start": 1640857299041,
    "end": 1640857299045,
    "duration": 4,
    "pid": 5872,
    "index": 30
  },
  {
    "name": "Require(26) node_modules/egg-view/app/extend/application.js",
    "start": 1640857299046,
    "end": 1640857299050,
    "duration": 4,
    "pid": 5872,
    "index": 31
  },
  {
    "name": "Load extend/request.js",
    "start": 1640857299062,
    "end": 1640857299084,
    "duration": 22,
    "pid": 5872,
    "index": 32
  },
  {
    "name": "Require(27) node_modules/egg/app/extend/request.js",
    "start": 1640857299072,
    "end": 1640857299073,
    "duration": 1,
    "pid": 5872,
    "index": 33
  },
  {
    "name": "Load extend/response.js",
    "start": 1640857299084,
    "end": 1640857299110,
    "duration": 26,
    "pid": 5872,
    "index": 34
  },
  {
    "name": "Require(28) node_modules/egg/app/extend/response.js",
    "start": 1640857299096,
    "end": 1640857299099,
    "duration": 3,
    "pid": 5872,
    "index": 35
  },
  {
    "name": "Load extend/context.js",
    "start": 1640857299110,
    "end": 1640857299320,
    "duration": 210,
    "pid": 5872,
    "index": 36
  },
  {
    "name": "Require(29) node_modules/egg-security/app/extend/context.js",
    "start": 1640857299112,
    "end": 1640857299133,
    "duration": 21,
    "pid": 5872,
    "index": 37
  },
  {
    "name": "Require(30) node_modules/egg-jsonp/app/extend/context.js",
    "start": 1640857299134,
    "end": 1640857299136,
    "duration": 2,
    "pid": 5872,
    "index": 38
  },
  {
    "name": "Require(31) node_modules/egg-i18n/app/extend/context.js",
    "start": 1640857299138,
    "end": 1640857299138,
    "duration": 0,
    "pid": 5872,
    "index": 39
  },
  {
    "name": "Require(32) node_modules/egg-multipart/app/extend/context.js",
    "start": 1640857299142,
    "end": 1640857299284,
    "duration": 142,
    "pid": 5872,
    "index": 40
  },
  {
    "name": "Require(33) node_modules/egg-view/app/extend/context.js",
    "start": 1640857299289,
    "end": 1640857299291,
    "duration": 2,
    "pid": 5872,
    "index": 41
  },
  {
    "name": "Require(34) node_modules/egg-validate/app/extend/context.js",
    "start": 1640857299293,
    "end": 1640857299295,
    "duration": 2,
    "pid": 5872,
    "index": 42
  },
  {
    "name": "Require(35) node_modules/egg/app/extend/context.js",
    "start": 1640857299296,
    "end": 1640857299299,
    "duration": 3,
    "pid": 5872,
    "index": 43
  },
  {
    "name": "Require(36) app/extend/context.js",
    "start": 1640857299301,
    "end": 1640857299303,
    "duration": 2,
    "pid": 5872,
    "index": 44
  },
  {
    "name": "Load extend/helper.js",
    "start": 1640857299321,
    "end": 1640857299521,
    "duration": 200,
    "pid": 5872,
    "index": 45
  },
  {
    "name": "Require(37) node_modules/egg-security/app/extend/helper.js",
    "start": 1640857299324,
    "end": 1640857299391,
    "duration": 67,
    "pid": 5872,
    "index": 46
  },
  {
    "name": "Require(38) node_modules/egg/app/extend/helper.js",
    "start": 1640857299412,
    "end": 1640857299413,
    "duration": 1,
    "pid": 5872,
    "index": 47
  },
  {
    "name": "Require(39) app/extend/helper.js",
    "start": 1640857299414,
    "end": 1640857299506,
    "duration": 92,
    "pid": 5872,
    "index": 48
  },
  {
    "name": "Load app.js",
    "start": 1640857299522,
    "end": 1640857299648,
    "duration": 126,
    "pid": 5872,
    "index": 49
  },
  {
    "name": "Require(40) node_modules/egg-session/app.js",
    "start": 1640857299523,
    "end": 1640857299523,
    "duration": 0,
    "pid": 5872,
    "index": 50
  },
  {
    "name": "Require(41) node_modules/egg-security/app.js",
    "start": 1640857299525,
    "end": 1640857299533,
    "duration": 8,
    "pid": 5872,
    "index": 51
  },
  {
    "name": "Require(42) node_modules/egg-onerror/app.js",
    "start": 1640857299536,
    "end": 1640857299559,
    "duration": 23,
    "pid": 5872,
    "index": 52
  },
  {
    "name": "Require(43) node_modules/egg-i18n/app.js",
    "start": 1640857299560,
    "end": 1640857299608,
    "duration": 48,
    "pid": 5872,
    "index": 53
  },
  {
    "name": "Require(44) node_modules/egg-watcher/app.js",
    "start": 1640857299609,
    "end": 1640857299621,
    "duration": 12,
    "pid": 5872,
    "index": 54
  },
  {
    "name": "Require(45) node_modules/egg-schedule/app.js",
    "start": 1640857299622,
    "end": 1640857299626,
    "duration": 4,
    "pid": 5872,
    "index": 55
  },
  {
    "name": "Require(46) node_modules/egg-multipart/app.js",
    "start": 1640857299627,
    "end": 1640857299628,
    "duration": 1,
    "pid": 5872,
    "index": 56
  },
  {
    "name": "Require(47) node_modules/egg-development/app.js",
    "start": 1640857299629,
    "end": 1640857299630,
    "duration": 1,
    "pid": 5872,
    "index": 57
  },
  {
    "name": "Require(48) node_modules/egg-logrotator/app.js",
    "start": 1640857299631,
    "end": 1640857299632,
    "duration": 1,
    "pid": 5872,
    "index": 58
  },
  {
    "name": "Require(49) node_modules/egg-static/app.js",
    "start": 1640857299633,
    "end": 1640857299634,
    "duration": 1,
    "pid": 5872,
    "index": 59
  },
  {
    "name": "Require(50) node_modules/egg-sequelize/app.js",
    "start": 1640857299636,
    "end": 1640857299637,
    "duration": 1,
    "pid": 5872,
    "index": 60
  },
  {
    "name": "Require(51) node_modules/egg-validate/app.js",
    "start": 1640857299640,
    "end": 1640857299644,
    "duration": 4,
    "pid": 5872,
    "index": 61
  },
  {
    "name": "Require(52) node_modules/egg-cors/app.js",
    "start": 1640857299644,
    "end": 1640857299645,
    "duration": 1,
    "pid": 5872,
    "index": 62
  },
  {
    "name": "Before Start in node_modules/egg-watcher/lib/init.js:15:14",
    "start": 1640857299692,
    "end": 1640857300729,
    "duration": 1037,
    "pid": 5872,
    "index": 63
  },
  {
    "name": "Load \"Symbol(model)\" to Application",
    "start": 1640857300324,
    "end": 1640857300359,
    "duration": 35,
    "pid": 5872,
    "index": 64
  },
  {
    "name": "Before Start in node_modules/egg-sequelize/lib/loader.js:39:7",
    "start": 1640857300362,
    "end": 1640857300746,
    "duration": 384,
    "pid": 5872,
    "index": 65
  },
  {
    "name": "Load Service",
    "start": 1640857300363,
    "end": 1640857300383,
    "duration": 20,
    "pid": 5872,
    "index": 66
  },
  {
    "name": "Load \"service\" to Context",
    "start": 1640857300363,
    "end": 1640857300383,
    "duration": 20,
    "pid": 5872,
    "index": 67
  },
  {
    "name": "Load Middleware",
    "start": 1640857300383,
    "end": 1640857300587,
    "duration": 204,
    "pid": 5872,
    "index": 68
  },
  {
    "name": "Load \"middlewares\" to Application",
    "start": 1640857300383,
    "end": 1640857300567,
    "duration": 184,
    "pid": 5872,
    "index": 69
  },
  {
    "name": "Load Controller",
    "start": 1640857300587,
    "end": 1640857300654,
    "duration": 67,
    "pid": 5872,
    "index": 70
  },
  {
    "name": "Load \"controller\" to Application",
    "start": 1640857300587,
    "end": 1640857300654,
    "duration": 67,
    "pid": 5872,
    "index": 71
  },
  {
    "name": "Load Router",
    "start": 1640857300654,
    "end": 1640857300664,
    "duration": 10,
    "pid": 5872,
    "index": 72
  },
  {
    "name": "Require(53) app/router.js",
    "start": 1640857300655,
    "end": 1640857300655,
    "duration": 0,
    "pid": 5872,
    "index": 73
  },
  {
    "name": "Before Start in node_modules/egg-core/lib/egg.js:303:10",
    "start": 1640857300656,
    "end": 1640857300689,
    "duration": 33,
    "pid": 5872,
    "index": 74
  }
]