[
  {
    "name": "Process Start",
    "start": 1640854969341,
    "end": 1640854972527,
    "duration": 3186,
    "pid": 9984,
    "index": 0
  },
  {
    "name": "Application Start",
    "start": 1640854972529,
    "end": 1640854975549,
    "duration": 3020,
    "pid": 9984,
    "index": 1
  },
  {
    "name": "Load Plugin",
    "start": 1640854972544,
    "end": 1640854972619,
    "duration": 75,
    "pid": 9984,
    "index": 2
  },
  {
    "name": "Load Config",
    "start": 1640854972620,
    "end": 1640854972697,
    "duration": 77,
    "pid": 9984,
    "index": 3
  },
  {
    "name": "Require(0) config/config.default.js",
    "start": 1640854972621,
    "end": 1640854972622,
    "duration": 1,
    "pid": 9984,
    "index": 4
  },
  {
    "name": "Require(1) node_modules/egg-session/config/config.default.js",
    "start": 1640854972627,
    "end": 1640854972629,
    "duration": 2,
    "pid": 9984,
    "index": 5
  },
  {
    "name": "Require(2) node_modules/egg-security/config/config.default.js",
    "start": 1640854972630,
    "end": 1640854972631,
    "duration": 1,
    "pid": 9984,
    "index": 6
  },
  {
    "name": "Require(3) node_modules/egg-jsonp/config/config.default.js",
    "start": 1640854972634,
    "end": 1640854972635,
    "duration": 1,
    "pid": 9984,
    "index": 7
  },
  {
    "name": "Require(4) node_modules/egg-onerror/config/config.default.js",
    "start": 1640854972637,
    "end": 1640854972638,
    "duration": 1,
    "pid": 9984,
    "index": 8
  },
  {
    "name": "Require(5) node_modules/egg-i18n/config/config.default.js",
    "start": 1640854972640,
    "end": 1640854972641,
    "duration": 1,
    "pid": 9984,
    "index": 9
  },
  {
    "name": "Require(6) node_modules/egg-watcher/config/config.default.js",
    "start": 1640854972642,
    "end": 1640854972644,
    "duration": 2,
    "pid": 9984,
    "index": 10
  },
  {
    "name": "Require(7) node_modules/egg-schedule/config/config.default.js",
    "start": 1640854972645,
    "end": 1640854972646,
    "duration": 1,
    "pid": 9984,
    "index": 11
  },
  {
    "name": "Require(8) node_modules/egg-multipart/config/config.default.js",
    "start": 1640854972648,
    "end": 1640854972649,
    "duration": 1,
    "pid": 9984,
    "index": 12
  },
  {
    "name": "Require(9) node_modules/egg-development/config/config.default.js",
    "start": 1640854972652,
    "end": 1640854972653,
    "duration": 1,
    "pid": 9984,
    "index": 13
  },
  {
    "name": "Require(10) node_modules/egg-logrotator/config/config.default.js",
    "start": 1640854972655,
    "end": 1640854972657,
    "duration": 2,
    "pid": 9984,
    "index": 14
  },
  {
    "name": "Require(11) node_modules/egg-static/config/config.default.js",
    "start": 1640854972658,
    "end": 1640854972659,
    "duration": 1,
    "pid": 9984,
    "index": 15
  },
  {
    "name": "Require(12) node_modules/egg-view/config/config.default.js",
    "start": 1640854972661,
    "end": 1640854972662,
    "duration": 1,
    "pid": 9984,
    "index": 16
  },
  {
    "name": "Require(13) node_modules/egg-sequelize/config/config.default.js",
    "start": 1640854972664,
    "end": 1640854972666,
    "duration": 2,
    "pid": 9984,
    "index": 17
  },
  {
    "name": "Require(14) node_modules/egg-validate/config/config.default.js",
    "start": 1640854972668,
    "end": 1640854972670,
    "duration": 2,
    "pid": 9984,
    "index": 18
  },
  {
    "name": "Require(15) node_modules/egg-cors/config/config.default.js",
    "start": 1640854972672,
    "end": 1640854972674,
    "duration": 2,
    "pid": 9984,
    "index": 19
  },
  {
    "name": "Require(16) node_modules/egg/config/config.default.js",
    "start": 1640854972675,
    "end": 1640854972677,
    "duration": 2,
    "pid": 9984,
    "index": 20
  },
  {
    "name": "Require(17) config/config.default.js",
    "start": 1640854972680,
    "end": 1640854972680,
    "duration": 0,
    "pid": 9984,
    "index": 21
  },
  {
    "name": "Require(18) node_modules/egg-security/config/config.local.js",
    "start": 1640854972682,
    "end": 1640854972683,
    "duration": 1,
    "pid": 9984,
    "index": 22
  },
  {
    "name": "Require(19) node_modules/egg-watcher/config/config.local.js",
    "start": 1640854972686,
    "end": 1640854972687,
    "duration": 1,
    "pid": 9984,
    "index": 23
  },
  {
    "name": "Require(20) node_modules/egg-view/config/config.local.js",
    "start": 1640854972693,
    "end": 1640854972693,
    "duration": 0,
    "pid": 9984,
    "index": 24
  },
  {
    "name": "Require(21) node_modules/egg/config/config.local.js",
    "start": 1640854972696,
    "end": 1640854972697,
    "duration": 1,
    "pid": 9984,
    "index": 25
  },
  {
    "name": "Load extend/application.js",
    "start": 1640854972699,
    "end": 1640854972775,
    "duration": 76,
    "pid": 9984,
    "index": 26
  },
  {
    "name": "Require(22) node_modules/egg-session/app/extend/application.js",
    "start": 1640854972702,
    "end": 1640854972705,
    "duration": 3,
    "pid": 9984,
    "index": 27
  },
  {
    "name": "Require(23) node_modules/egg-security/app/extend/application.js",
    "start": 1640854972708,
    "end": 1640854972715,
    "duration": 7,
    "pid": 9984,
    "index": 28
  },
  {
    "name": "Require(24) node_modules/egg-jsonp/app/extend/application.js",
    "start": 1640854972719,
    "end": 1640854972724,
    "duration": 5,
    "pid": 9984,
    "index": 29
  },
  {
    "name": "Require(25) node_modules/egg-logrotator/app/extend/application.js",
    "start": 1640854972734,
    "end": 1640854972739,
    "duration": 5,
    "pid": 9984,
    "index": 30
  },
  {
    "name": "Require(26) node_modules/egg-view/app/extend/application.js",
    "start": 1640854972741,
    "end": 1640854972746,
    "duration": 5,
    "pid": 9984,
    "index": 31
  },
  {
    "name": "Load extend/request.js",
    "start": 1640854972775,
    "end": 1640854972813,
    "duration": 38,
    "pid": 9984,
    "index": 32
  },
  {
    "name": "Require(27) node_modules/egg/app/extend/request.js",
    "start": 1640854972794,
    "end": 1640854972796,
    "duration": 2,
    "pid": 9984,
    "index": 33
  },
  {
    "name": "Load extend/response.js",
    "start": 1640854972813,
    "end": 1640854972852,
    "duration": 39,
    "pid": 9984,
    "index": 34
  },
  {
    "name": "Require(28) node_modules/egg/app/extend/response.js",
    "start": 1640854972832,
    "end": 1640854972836,
    "duration": 4,
    "pid": 9984,
    "index": 35
  },
  {
    "name": "Load extend/context.js",
    "start": 1640854972852,
    "end": 1640854973129,
    "duration": 277,
    "pid": 9984,
    "index": 36
  },
  {
    "name": "Require(29) node_modules/egg-security/app/extend/context.js",
    "start": 1640854972854,
    "end": 1640854972893,
    "duration": 39,
    "pid": 9984,
    "index": 37
  },
  {
    "name": "Require(30) node_modules/egg-jsonp/app/extend/context.js",
    "start": 1640854972894,
    "end": 1640854972899,
    "duration": 5,
    "pid": 9984,
    "index": 38
  },
  {
    "name": "Require(31) node_modules/egg-i18n/app/extend/context.js",
    "start": 1640854972901,
    "end": 1640854972902,
    "duration": 1,
    "pid": 9984,
    "index": 39
  },
  {
    "name": "Require(32) node_modules/egg-multipart/app/extend/context.js",
    "start": 1640854972907,
    "end": 1640854973085,
    "duration": 178,
    "pid": 9984,
    "index": 40
  },
  {
    "name": "Require(33) node_modules/egg-view/app/extend/context.js",
    "start": 1640854973089,
    "end": 1640854973097,
    "duration": 8,
    "pid": 9984,
    "index": 41
  },
  {
    "name": "Require(34) node_modules/egg-validate/app/extend/context.js",
    "start": 1640854973100,
    "end": 1640854973102,
    "duration": 2,
    "pid": 9984,
    "index": 42
  },
  {
    "name": "Require(35) node_modules/egg/app/extend/context.js",
    "start": 1640854973104,
    "end": 1640854973107,
    "duration": 3,
    "pid": 9984,
    "index": 43
  },
  {
    "name": "Require(36) app/extend/context.js",
    "start": 1640854973110,
    "end": 1640854973111,
    "duration": 1,
    "pid": 9984,
    "index": 44
  },
  {
    "name": "Load extend/helper.js",
    "start": 1640854973129,
    "end": 1640854973407,
    "duration": 278,
    "pid": 9984,
    "index": 45
  },
  {
    "name": "Require(37) node_modules/egg-security/app/extend/helper.js",
    "start": 1640854973132,
    "end": 1640854973232,
    "duration": 100,
    "pid": 9984,
    "index": 46
  },
  {
    "name": "Require(38) node_modules/egg/app/extend/helper.js",
    "start": 1640854973253,
    "end": 1640854973255,
    "duration": 2,
    "pid": 9984,
    "index": 47
  },
  {
    "name": "Require(39) app/extend/helper.js",
    "start": 1640854973256,
    "end": 1640854973384,
    "duration": 128,
    "pid": 9984,
    "index": 48
  },
  {
    "name": "Load app.js",
    "start": 1640854973408,
    "end": 1640854973893,
    "duration": 485,
    "pid": 9984,
    "index": 49
  },
  {
    "name": "Require(40) node_modules/egg-session/app.js",
    "start": 1640854973411,
    "end": 1640854973412,
    "duration": 1,
    "pid": 9984,
    "index": 50
  },
  {
    "name": "Require(41) node_modules/egg-security/app.js",
    "start": 1640854973414,
    "end": 1640854973421,
    "duration": 7,
    "pid": 9984,
    "index": 51
  },
  {
    "name": "Require(42) node_modules/egg-onerror/app.js",
    "start": 1640854973425,
    "end": 1640854973489,
    "duration": 64,
    "pid": 9984,
    "index": 52
  },
  {
    "name": "Require(43) node_modules/egg-i18n/app.js",
    "start": 1640854973491,
    "end": 1640854973638,
    "duration": 147,
    "pid": 9984,
    "index": 53
  },
  {
    "name": "Require(44) node_modules/egg-watcher/app.js",
    "start": 1640854973640,
    "end": 1640854973721,
    "duration": 81,
    "pid": 9984,
    "index": 54
  },
  {
    "name": "Require(45) node_modules/egg-schedule/app.js",
    "start": 1640854973723,
    "end": 1640854973753,
    "duration": 30,
    "pid": 9984,
    "index": 55
  },
  {
    "name": "Require(46) node_modules/egg-multipart/app.js",
    "start": 1640854973754,
    "end": 1640854973765,
    "duration": 11,
    "pid": 9984,
    "index": 56
  },
  {
    "name": "Require(47) node_modules/egg-development/app.js",
    "start": 1640854973768,
    "end": 1640854973771,
    "duration": 3,
    "pid": 9984,
    "index": 57
  },
  {
    "name": "Require(48) node_modules/egg-logrotator/app.js",
    "start": 1640854973773,
    "end": 1640854973774,
    "duration": 1,
    "pid": 9984,
    "index": 58
  },
  {
    "name": "Require(49) node_modules/egg-static/app.js",
    "start": 1640854973775,
    "end": 1640854973776,
    "duration": 1,
    "pid": 9984,
    "index": 59
  },
  {
    "name": "Require(50) node_modules/egg-sequelize/app.js",
    "start": 1640854973783,
    "end": 1640854973784,
    "duration": 1,
    "pid": 9984,
    "index": 60
  },
  {
    "name": "Require(51) node_modules/egg-validate/app.js",
    "start": 1640854973786,
    "end": 1640854973870,
    "duration": 84,
    "pid": 9984,
    "index": 61
  },
  {
    "name": "Require(52) node_modules/egg-cors/app.js",
    "start": 1640854973871,
    "end": 1640854973889,
    "duration": 18,
    "pid": 9984,
    "index": 62
  },
  {
    "name": "Before Start in node_modules/egg-watcher/lib/init.js:15:14",
    "start": 1640854973956,
    "end": 1640854975531,
    "duration": 1575,
    "pid": 9984,
    "index": 63
  },
  {
    "name": "Load \"Symbol(model)\" to Application",
    "start": 1640854975013,
    "end": 1640854975060,
    "duration": 47,
    "pid": 9984,
    "index": 64
  },
  {
    "name": "Before Start in node_modules/egg-sequelize/lib/loader.js:39:7",
    "start": 1640854975063,
    "end": 1640854975548,
    "duration": 485,
    "pid": 9984,
    "index": 65
  },
  {
    "name": "Load Service",
    "start": 1640854975064,
    "end": 1640854975085,
    "duration": 21,
    "pid": 9984,
    "index": 66
  },
  {
    "name": "Load \"service\" to Context",
    "start": 1640854975064,
    "end": 1640854975085,
    "duration": 21,
    "pid": 9984,
    "index": 67
  },
  {
    "name": "Load Middleware",
    "start": 1640854975086,
    "end": 1640854975363,
    "duration": 277,
    "pid": 9984,
    "index": 68
  },
  {
    "name": "Load \"middlewares\" to Application",
    "start": 1640854975086,
    "end": 1640854975341,
    "duration": 255,
    "pid": 9984,
    "index": 69
  },
  {
    "name": "Load Controller",
    "start": 1640854975363,
    "end": 1640854975455,
    "duration": 92,
    "pid": 9984,
    "index": 70
  },
  {
    "name": "Load \"controller\" to Application",
    "start": 1640854975363,
    "end": 1640854975454,
    "duration": 91,
    "pid": 9984,
    "index": 71
  },
  {
    "name": "Load Router",
    "start": 1640854975455,
    "end": 1640854975466,
    "duration": 11,
    "pid": 9984,
    "index": 72
  },
  {
    "name": "Require(53) app/router.js",
    "start": 1640854975455,
    "end": 1640854975456,
    "duration": 1,
    "pid": 9984,
    "index": 73
  },
  {
    "name": "Before Start in node_modules/egg-core/lib/egg.js:303:10",
    "start": 1640854975456,
    "end": 1640854975488,
    "duration": 32,
    "pid": 9984,
    "index": 74
  }
]