[
  {
    "name": "Process Start",
    "start": 1640858357546,
    "end": 1640858360725,
    "duration": 3179,
    "pid": 5012,
    "index": 0
  },
  {
    "name": "Application Start",
    "start": 1640858360727,
    "end": 1640858362698,
    "duration": 1971,
    "pid": 5012,
    "index": 1
  },
  {
    "name": "Load Plugin",
    "start": 1640858360738,
    "end": 1640858360817,
    "duration": 79,
    "pid": 5012,
    "index": 2
  },
  {
    "name": "Load Config",
    "start": 1640858360817,
    "end": 1640858360879,
    "duration": 62,
    "pid": 5012,
    "index": 3
  },
  {
    "name": "Require(0) config/config.default.js",
    "start": 1640858360819,
    "end": 1640858360820,
    "duration": 1,
    "pid": 5012,
    "index": 4
  },
  {
    "name": "Require(1) node_modules/egg-session/config/config.default.js",
    "start": 1640858360823,
    "end": 1640858360824,
    "duration": 1,
    "pid": 5012,
    "index": 5
  },
  {
    "name": "Require(2) node_modules/egg-security/config/config.default.js",
    "start": 1640858360826,
    "end": 1640858360827,
    "duration": 1,
    "pid": 5012,
    "index": 6
  },
  {
    "name": "Require(3) node_modules/egg-jsonp/config/config.default.js",
    "start": 1640858360830,
    "end": 1640858360831,
    "duration": 1,
    "pid": 5012,
    "index": 7
  },
  {
    "name": "Require(4) node_modules/egg-onerror/config/config.default.js",
    "start": 1640858360832,
    "end": 1640858360833,
    "duration": 1,
    "pid": 5012,
    "index": 8
  },
  {
    "name": "Require(5) node_modules/egg-i18n/config/config.default.js",
    "start": 1640858360834,
    "end": 1640858360836,
    "duration": 2,
    "pid": 5012,
    "index": 9
  },
  {
    "name": "Require(6) node_modules/egg-watcher/config/config.default.js",
    "start": 1640858360837,
    "end": 1640858360838,
    "duration": 1,
    "pid": 5012,
    "index": 10
  },
  {
    "name": "Require(7) node_modules/egg-schedule/config/config.default.js",
    "start": 1640858360840,
    "end": 1640858360840,
    "duration": 0,
    "pid": 5012,
    "index": 11
  },
  {
    "name": "Require(8) node_modules/egg-multipart/config/config.default.js",
    "start": 1640858360842,
    "end": 1640858360843,
    "duration": 1,
    "pid": 5012,
    "index": 12
  },
  {
    "name": "Require(9) node_modules/egg-development/config/config.default.js",
    "start": 1640858360844,
    "end": 1640858360846,
    "duration": 2,
    "pid": 5012,
    "index": 13
  },
  {
    "name": "Require(10) node_modules/egg-logrotator/config/config.default.js",
    "start": 1640858360847,
    "end": 1640858360848,
    "duration": 1,
    "pid": 5012,
    "index": 14
  },
  {
    "name": "Require(11) node_modules/egg-static/config/config.default.js",
    "start": 1640858360849,
    "end": 1640858360851,
    "duration": 2,
    "pid": 5012,
    "index": 15
  },
  {
    "name": "Require(12) node_modules/egg-view/config/config.default.js",
    "start": 1640858360852,
    "end": 1640858360854,
    "duration": 2,
    "pid": 5012,
    "index": 16
  },
  {
    "name": "Require(13) node_modules/egg-sequelize/config/config.default.js",
    "start": 1640858360855,
    "end": 1640858360856,
    "duration": 1,
    "pid": 5012,
    "index": 17
  },
  {
    "name": "Require(14) node_modules/egg-validate/config/config.default.js",
    "start": 1640858360858,
    "end": 1640858360859,
    "duration": 1,
    "pid": 5012,
    "index": 18
  },
  {
    "name": "Require(15) node_modules/egg-cors/config/config.default.js",
    "start": 1640858360860,
    "end": 1640858360861,
    "duration": 1,
    "pid": 5012,
    "index": 19
  },
  {
    "name": "Require(16) node_modules/egg/config/config.default.js",
    "start": 1640858360861,
    "end": 1640858360862,
    "duration": 1,
    "pid": 5012,
    "index": 20
  },
  {
    "name": "Require(17) config/config.default.js",
    "start": 1640858360865,
    "end": 1640858360865,
    "duration": 0,
    "pid": 5012,
    "index": 21
  },
  {
    "name": "Require(18) node_modules/egg-security/config/config.local.js",
    "start": 1640858360867,
    "end": 1640858360867,
    "duration": 0,
    "pid": 5012,
    "index": 22
  },
  {
    "name": "Require(19) node_modules/egg-watcher/config/config.local.js",
    "start": 1640858360870,
    "end": 1640858360870,
    "duration": 0,
    "pid": 5012,
    "index": 23
  },
  {
    "name": "Require(20) node_modules/egg-view/config/config.local.js",
    "start": 1640858360875,
    "end": 1640858360875,
    "duration": 0,
    "pid": 5012,
    "index": 24
  },
  {
    "name": "Require(21) node_modules/egg/config/config.local.js",
    "start": 1640858360878,
    "end": 1640858360879,
    "duration": 1,
    "pid": 5012,
    "index": 25
  },
  {
    "name": "Load extend/application.js",
    "start": 1640858360881,
    "end": 1640858360931,
    "duration": 50,
    "pid": 5012,
    "index": 26
  },
  {
    "name": "Require(22) node_modules/egg-session/app/extend/application.js",
    "start": 1640858360882,
    "end": 1640858360884,
    "duration": 2,
    "pid": 5012,
    "index": 27
  },
  {
    "name": "Require(23) node_modules/egg-security/app/extend/application.js",
    "start": 1640858360887,
    "end": 1640858360891,
    "duration": 4,
    "pid": 5012,
    "index": 28
  },
  {
    "name": "Require(24) node_modules/egg-jsonp/app/extend/application.js",
    "start": 1640858360893,
    "end": 1640858360896,
    "duration": 3,
    "pid": 5012,
    "index": 29
  },
  {
    "name": "Require(25) node_modules/egg-logrotator/app/extend/application.js",
    "start": 1640858360903,
    "end": 1640858360908,
    "duration": 5,
    "pid": 5012,
    "index": 30
  },
  {
    "name": "Require(26) node_modules/egg-view/app/extend/application.js",
    "start": 1640858360910,
    "end": 1640858360914,
    "duration": 4,
    "pid": 5012,
    "index": 31
  },
  {
    "name": "Load extend/request.js",
    "start": 1640858360931,
    "end": 1640858360961,
    "duration": 30,
    "pid": 5012,
    "index": 32
  },
  {
    "name": "Require(27) node_modules/egg/app/extend/request.js",
    "start": 1640858360944,
    "end": 1640858360948,
    "duration": 4,
    "pid": 5012,
    "index": 33
  },
  {
    "name": "Load extend/response.js",
    "start": 1640858360961,
    "end": 1640858360989,
    "duration": 28,
    "pid": 5012,
    "index": 34
  },
  {
    "name": "Require(28) node_modules/egg/app/extend/response.js",
    "start": 1640858360972,
    "end": 1640858360976,
    "duration": 4,
    "pid": 5012,
    "index": 35
  },
  {
    "name": "Load extend/context.js",
    "start": 1640858360989,
    "end": 1640858361175,
    "duration": 186,
    "pid": 5012,
    "index": 36
  },
  {
    "name": "Require(29) node_modules/egg-security/app/extend/context.js",
    "start": 1640858360991,
    "end": 1640858361021,
    "duration": 30,
    "pid": 5012,
    "index": 37
  },
  {
    "name": "Require(30) node_modules/egg-jsonp/app/extend/context.js",
    "start": 1640858361022,
    "end": 1640858361027,
    "duration": 5,
    "pid": 5012,
    "index": 38
  },
  {
    "name": "Require(31) node_modules/egg-i18n/app/extend/context.js",
    "start": 1640858361029,
    "end": 1640858361030,
    "duration": 1,
    "pid": 5012,
    "index": 39
  },
  {
    "name": "Require(32) node_modules/egg-multipart/app/extend/context.js",
    "start": 1640858361033,
    "end": 1640858361153,
    "duration": 120,
    "pid": 5012,
    "index": 40
  },
  {
    "name": "Require(33) node_modules/egg-view/app/extend/context.js",
    "start": 1640858361155,
    "end": 1640858361157,
    "duration": 2,
    "pid": 5012,
    "index": 41
  },
  {
    "name": "Require(34) node_modules/egg-validate/app/extend/context.js",
    "start": 1640858361159,
    "end": 1640858361160,
    "duration": 1,
    "pid": 5012,
    "index": 42
  },
  {
    "name": "Require(35) node_modules/egg/app/extend/context.js",
    "start": 1640858361162,
    "end": 1640858361163,
    "duration": 1,
    "pid": 5012,
    "index": 43
  },
  {
    "name": "Require(36) app/extend/context.js",
    "start": 1640858361164,
    "end": 1640858361165,
    "duration": 1,
    "pid": 5012,
    "index": 44
  },
  {
    "name": "Load extend/helper.js",
    "start": 1640858361175,
    "end": 1640858361289,
    "duration": 114,
    "pid": 5012,
    "index": 45
  },
  {
    "name": "Require(37) node_modules/egg-security/app/extend/helper.js",
    "start": 1640858361177,
    "end": 1640858361221,
    "duration": 44,
    "pid": 5012,
    "index": 46
  },
  {
    "name": "Require(38) node_modules/egg/app/extend/helper.js",
    "start": 1640858361230,
    "end": 1640858361231,
    "duration": 1,
    "pid": 5012,
    "index": 47
  },
  {
    "name": "Require(39) app/extend/helper.js",
    "start": 1640858361232,
    "end": 1640858361278,
    "duration": 46,
    "pid": 5012,
    "index": 48
  },
  {
    "name": "Load app.js",
    "start": 1640858361289,
    "end": 1640858361400,
    "duration": 111,
    "pid": 5012,
    "index": 49
  },
  {
    "name": "Require(40) node_modules/egg-session/app.js",
    "start": 1640858361290,
    "end": 1640858361291,
    "duration": 1,
    "pid": 5012,
    "index": 50
  },
  {
    "name": "Require(41) node_modules/egg-security/app.js",
    "start": 1640858361292,
    "end": 1640858361296,
    "duration": 4,
    "pid": 5012,
    "index": 51
  },
  {
    "name": "Require(42) node_modules/egg-onerror/app.js",
    "start": 1640858361298,
    "end": 1640858361323,
    "duration": 25,
    "pid": 5012,
    "index": 52
  },
  {
    "name": "Require(43) node_modules/egg-i18n/app.js",
    "start": 1640858361324,
    "end": 1640858361366,
    "duration": 42,
    "pid": 5012,
    "index": 53
  },
  {
    "name": "Require(44) node_modules/egg-watcher/app.js",
    "start": 1640858361367,
    "end": 1640858361377,
    "duration": 10,
    "pid": 5012,
    "index": 54
  },
  {
    "name": "Require(45) node_modules/egg-schedule/app.js",
    "start": 1640858361378,
    "end": 1640858361382,
    "duration": 4,
    "pid": 5012,
    "index": 55
  },
  {
    "name": "Require(46) node_modules/egg-multipart/app.js",
    "start": 1640858361383,
    "end": 1640858361384,
    "duration": 1,
    "pid": 5012,
    "index": 56
  },
  {
    "name": "Require(47) node_modules/egg-development/app.js",
    "start": 1640858361385,
    "end": 1640858361385,
    "duration": 0,
    "pid": 5012,
    "index": 57
  },
  {
    "name": "Require(48) node_modules/egg-logrotator/app.js",
    "start": 1640858361386,
    "end": 1640858361387,
    "duration": 1,
    "pid": 5012,
    "index": 58
  },
  {
    "name": "Require(49) node_modules/egg-static/app.js",
    "start": 1640858361388,
    "end": 1640858361388,
    "duration": 0,
    "pid": 5012,
    "index": 59
  },
  {
    "name": "Require(50) node_modules/egg-sequelize/app.js",
    "start": 1640858361390,
    "end": 1640858361391,
    "duration": 1,
    "pid": 5012,
    "index": 60
  },
  {
    "name": "Require(51) node_modules/egg-validate/app.js",
    "start": 1640858361392,
    "end": 1640858361396,
    "duration": 4,
    "pid": 5012,
    "index": 61
  },
  {
    "name": "Require(52) node_modules/egg-cors/app.js",
    "start": 1640858361397,
    "end": 1640858361398,
    "duration": 1,
    "pid": 5012,
    "index": 62
  },
  {
    "name": "Before Start in node_modules/egg-watcher/lib/init.js:15:14",
    "start": 1640858361428,
    "end": 1640858362679,
    "duration": 1251,
    "pid": 5012,
    "index": 63
  },
  {
    "name": "Load \"Symbol(model)\" to Application",
    "start": 1640858362250,
    "end": 1640858362285,
    "duration": 35,
    "pid": 5012,
    "index": 64
  },
  {
    "name": "Before Start in node_modules/egg-sequelize/lib/loader.js:39:7",
    "start": 1640858362288,
    "end": 1640858362697,
    "duration": 409,
    "pid": 5012,
    "index": 65
  },
  {
    "name": "Load Service",
    "start": 1640858362289,
    "end": 1640858362308,
    "duration": 19,
    "pid": 5012,
    "index": 66
  },
  {
    "name": "Load \"service\" to Context",
    "start": 1640858362289,
    "end": 1640858362308,
    "duration": 19,
    "pid": 5012,
    "index": 67
  },
  {
    "name": "Load Middleware",
    "start": 1640858362308,
    "end": 1640858362526,
    "duration": 218,
    "pid": 5012,
    "index": 68
  },
  {
    "name": "Load \"middlewares\" to Application",
    "start": 1640858362308,
    "end": 1640858362505,
    "duration": 197,
    "pid": 5012,
    "index": 69
  },
  {
    "name": "Load Controller",
    "start": 1640858362526,
    "end": 1640858362608,
    "duration": 82,
    "pid": 5012,
    "index": 70
  },
  {
    "name": "Load \"controller\" to Application",
    "start": 1640858362526,
    "end": 1640858362608,
    "duration": 82,
    "pid": 5012,
    "index": 71
  },
  {
    "name": "Load Router",
    "start": 1640858362608,
    "end": 1640858362620,
    "duration": 12,
    "pid": 5012,
    "index": 72
  },
  {
    "name": "Require(53) app/router.js",
    "start": 1640858362609,
    "end": 1640858362610,
    "duration": 1,
    "pid": 5012,
    "index": 73
  },
  {
    "name": "Before Start in node_modules/egg-core/lib/egg.js:303:10",
    "start": 1640858362610,
    "end": 1640858362638,
    "duration": 28,
    "pid": 5012,
    "index": 74
  }
]