[
  {
    "name": "Process Start",
    "start": 1640862030997,
    "end": 1640862034067,
    "duration": 3070,
    "pid": 9412,
    "index": 0
  },
  {
    "name": "Application Start",
    "start": 1640862034069,
    "end": 1640862035930,
    "duration": 1861,
    "pid": 9412,
    "index": 1
  },
  {
    "name": "Load Plugin",
    "start": 1640862034083,
    "end": 1640862034153,
    "duration": 70,
    "pid": 9412,
    "index": 2
  },
  {
    "name": "Load Config",
    "start": 1640862034153,
    "end": 1640862034214,
    "duration": 61,
    "pid": 9412,
    "index": 3
  },
  {
    "name": "Require(0) config/config.default.js",
    "start": 1640862034155,
    "end": 1640862034156,
    "duration": 1,
    "pid": 9412,
    "index": 4
  },
  {
    "name": "Require(1) node_modules/egg-session/config/config.default.js",
    "start": 1640862034160,
    "end": 1640862034161,
    "duration": 1,
    "pid": 9412,
    "index": 5
  },
  {
    "name": "Require(2) node_modules/egg-security/config/config.default.js",
    "start": 1640862034163,
    "end": 1640862034164,
    "duration": 1,
    "pid": 9412,
    "index": 6
  },
  {
    "name": "Require(3) node_modules/egg-jsonp/config/config.default.js",
    "start": 1640862034166,
    "end": 1640862034167,
    "duration": 1,
    "pid": 9412,
    "index": 7
  },
  {
    "name": "Require(4) node_modules/egg-onerror/config/config.default.js",
    "start": 1640862034168,
    "end": 1640862034169,
    "duration": 1,
    "pid": 9412,
    "index": 8
  },
  {
    "name": "Require(5) node_modules/egg-i18n/config/config.default.js",
    "start": 1640862034170,
    "end": 1640862034170,
    "duration": 0,
    "pid": 9412,
    "index": 9
  },
  {
    "name": "Require(6) node_modules/egg-watcher/config/config.default.js",
    "start": 1640862034172,
    "end": 1640862034173,
    "duration": 1,
    "pid": 9412,
    "index": 10
  },
  {
    "name": "Require(7) node_modules/egg-schedule/config/config.default.js",
    "start": 1640862034175,
    "end": 1640862034176,
    "duration": 1,
    "pid": 9412,
    "index": 11
  },
  {
    "name": "Require(8) node_modules/egg-multipart/config/config.default.js",
    "start": 1640862034178,
    "end": 1640862034179,
    "duration": 1,
    "pid": 9412,
    "index": 12
  },
  {
    "name": "Require(9) node_modules/egg-development/config/config.default.js",
    "start": 1640862034181,
    "end": 1640862034182,
    "duration": 1,
    "pid": 9412,
    "index": 13
  },
  {
    "name": "Require(10) node_modules/egg-logrotator/config/config.default.js",
    "start": 1640862034183,
    "end": 1640862034184,
    "duration": 1,
    "pid": 9412,
    "index": 14
  },
  {
    "name": "Require(11) node_modules/egg-static/config/config.default.js",
    "start": 1640862034185,
    "end": 1640862034186,
    "duration": 1,
    "pid": 9412,
    "index": 15
  },
  {
    "name": "Require(12) node_modules/egg-view/config/config.default.js",
    "start": 1640862034187,
    "end": 1640862034188,
    "duration": 1,
    "pid": 9412,
    "index": 16
  },
  {
    "name": "Require(13) node_modules/egg-sequelize/config/config.default.js",
    "start": 1640862034189,
    "end": 1640862034190,
    "duration": 1,
    "pid": 9412,
    "index": 17
  },
  {
    "name": "Require(14) node_modules/egg-validate/config/config.default.js",
    "start": 1640862034191,
    "end": 1640862034191,
    "duration": 0,
    "pid": 9412,
    "index": 18
  },
  {
    "name": "Require(15) node_modules/egg-cors/config/config.default.js",
    "start": 1640862034193,
    "end": 1640862034194,
    "duration": 1,
    "pid": 9412,
    "index": 19
  },
  {
    "name": "Require(16) node_modules/egg/config/config.default.js",
    "start": 1640862034195,
    "end": 1640862034196,
    "duration": 1,
    "pid": 9412,
    "index": 20
  },
  {
    "name": "Require(17) config/config.default.js",
    "start": 1640862034198,
    "end": 1640862034199,
    "duration": 1,
    "pid": 9412,
    "index": 21
  },
  {
    "name": "Require(18) node_modules/egg-security/config/config.local.js",
    "start": 1640862034201,
    "end": 1640862034201,
    "duration": 0,
    "pid": 9412,
    "index": 22
  },
  {
    "name": "Require(19) node_modules/egg-watcher/config/config.local.js",
    "start": 1640862034204,
    "end": 1640862034205,
    "duration": 1,
    "pid": 9412,
    "index": 23
  },
  {
    "name": "Require(20) node_modules/egg-view/config/config.local.js",
    "start": 1640862034209,
    "end": 1640862034209,
    "duration": 0,
    "pid": 9412,
    "index": 24
  },
  {
    "name": "Require(21) node_modules/egg/config/config.local.js",
    "start": 1640862034212,
    "end": 1640862034214,
    "duration": 2,
    "pid": 9412,
    "index": 25
  },
  {
    "name": "Load extend/application.js",
    "start": 1640862034216,
    "end": 1640862034266,
    "duration": 50,
    "pid": 9412,
    "index": 26
  },
  {
    "name": "Require(22) node_modules/egg-session/app/extend/application.js",
    "start": 1640862034218,
    "end": 1640862034220,
    "duration": 2,
    "pid": 9412,
    "index": 27
  },
  {
    "name": "Require(23) node_modules/egg-security/app/extend/application.js",
    "start": 1640862034221,
    "end": 1640862034223,
    "duration": 2,
    "pid": 9412,
    "index": 28
  },
  {
    "name": "Require(24) node_modules/egg-jsonp/app/extend/application.js",
    "start": 1640862034224,
    "end": 1640862034228,
    "duration": 4,
    "pid": 9412,
    "index": 29
  },
  {
    "name": "Require(25) node_modules/egg-logrotator/app/extend/application.js",
    "start": 1640862034232,
    "end": 1640862034238,
    "duration": 6,
    "pid": 9412,
    "index": 30
  },
  {
    "name": "Require(26) node_modules/egg-view/app/extend/application.js",
    "start": 1640862034240,
    "end": 1640862034248,
    "duration": 8,
    "pid": 9412,
    "index": 31
  },
  {
    "name": "Load extend/request.js",
    "start": 1640862034266,
    "end": 1640862034289,
    "duration": 23,
    "pid": 9412,
    "index": 32
  },
  {
    "name": "Require(27) node_modules/egg/app/extend/request.js",
    "start": 1640862034277,
    "end": 1640862034279,
    "duration": 2,
    "pid": 9412,
    "index": 33
  },
  {
    "name": "Load extend/response.js",
    "start": 1640862034290,
    "end": 1640862034315,
    "duration": 25,
    "pid": 9412,
    "index": 34
  },
  {
    "name": "Require(28) node_modules/egg/app/extend/response.js",
    "start": 1640862034302,
    "end": 1640862034305,
    "duration": 3,
    "pid": 9412,
    "index": 35
  },
  {
    "name": "Load extend/context.js",
    "start": 1640862034315,
    "end": 1640862034472,
    "duration": 157,
    "pid": 9412,
    "index": 36
  },
  {
    "name": "Require(29) node_modules/egg-security/app/extend/context.js",
    "start": 1640862034317,
    "end": 1640862034341,
    "duration": 24,
    "pid": 9412,
    "index": 37
  },
  {
    "name": "Require(30) node_modules/egg-jsonp/app/extend/context.js",
    "start": 1640862034342,
    "end": 1640862034344,
    "duration": 2,
    "pid": 9412,
    "index": 38
  },
  {
    "name": "Require(31) node_modules/egg-i18n/app/extend/context.js",
    "start": 1640862034346,
    "end": 1640862034346,
    "duration": 0,
    "pid": 9412,
    "index": 39
  },
  {
    "name": "Require(32) node_modules/egg-multipart/app/extend/context.js",
    "start": 1640862034349,
    "end": 1640862034449,
    "duration": 100,
    "pid": 9412,
    "index": 40
  },
  {
    "name": "Require(33) node_modules/egg-view/app/extend/context.js",
    "start": 1640862034451,
    "end": 1640862034452,
    "duration": 1,
    "pid": 9412,
    "index": 41
  },
  {
    "name": "Require(34) node_modules/egg-validate/app/extend/context.js",
    "start": 1640862034455,
    "end": 1640862034456,
    "duration": 1,
    "pid": 9412,
    "index": 42
  },
  {
    "name": "Require(35) node_modules/egg/app/extend/context.js",
    "start": 1640862034458,
    "end": 1640862034460,
    "duration": 2,
    "pid": 9412,
    "index": 43
  },
  {
    "name": "Require(36) app/extend/context.js",
    "start": 1640862034461,
    "end": 1640862034462,
    "duration": 1,
    "pid": 9412,
    "index": 44
  },
  {
    "name": "Load extend/helper.js",
    "start": 1640862034472,
    "end": 1640862034571,
    "duration": 99,
    "pid": 9412,
    "index": 45
  },
  {
    "name": "Require(37) node_modules/egg-security/app/extend/helper.js",
    "start": 1640862034473,
    "end": 1640862034509,
    "duration": 36,
    "pid": 9412,
    "index": 46
  },
  {
    "name": "Require(38) node_modules/egg/app/extend/helper.js",
    "start": 1640862034518,
    "end": 1640862034518,
    "duration": 0,
    "pid": 9412,
    "index": 47
  },
  {
    "name": "Require(39) app/extend/helper.js",
    "start": 1640862034519,
    "end": 1640862034561,
    "duration": 42,
    "pid": 9412,
    "index": 48
  },
  {
    "name": "Load app.js",
    "start": 1640862034571,
    "end": 1640862034723,
    "duration": 152,
    "pid": 9412,
    "index": 49
  },
  {
    "name": "Require(40) node_modules/egg-session/app.js",
    "start": 1640862034572,
    "end": 1640862034573,
    "duration": 1,
    "pid": 9412,
    "index": 50
  },
  {
    "name": "Require(41) node_modules/egg-security/app.js",
    "start": 1640862034573,
    "end": 1640862034577,
    "duration": 4,
    "pid": 9412,
    "index": 51
  },
  {
    "name": "Require(42) node_modules/egg-onerror/app.js",
    "start": 1640862034580,
    "end": 1640862034620,
    "duration": 40,
    "pid": 9412,
    "index": 52
  },
  {
    "name": "Require(43) node_modules/egg-i18n/app.js",
    "start": 1640862034651,
    "end": 1640862034694,
    "duration": 43,
    "pid": 9412,
    "index": 53
  },
  {
    "name": "Require(44) node_modules/egg-watcher/app.js",
    "start": 1640862034695,
    "end": 1640862034703,
    "duration": 8,
    "pid": 9412,
    "index": 54
  },
  {
    "name": "Require(45) node_modules/egg-schedule/app.js",
    "start": 1640862034704,
    "end": 1640862034707,
    "duration": 3,
    "pid": 9412,
    "index": 55
  },
  {
    "name": "Require(46) node_modules/egg-multipart/app.js",
    "start": 1640862034708,
    "end": 1640862034709,
    "duration": 1,
    "pid": 9412,
    "index": 56
  },
  {
    "name": "Require(47) node_modules/egg-development/app.js",
    "start": 1640862034709,
    "end": 1640862034710,
    "duration": 1,
    "pid": 9412,
    "index": 57
  },
  {
    "name": "Require(48) node_modules/egg-logrotator/app.js",
    "start": 1640862034711,
    "end": 1640862034711,
    "duration": 0,
    "pid": 9412,
    "index": 58
  },
  {
    "name": "Require(49) node_modules/egg-static/app.js",
    "start": 1640862034712,
    "end": 1640862034712,
    "duration": 0,
    "pid": 9412,
    "index": 59
  },
  {
    "name": "Require(50) node_modules/egg-sequelize/app.js",
    "start": 1640862034714,
    "end": 1640862034714,
    "duration": 0,
    "pid": 9412,
    "index": 60
  },
  {
    "name": "Require(51) node_modules/egg-validate/app.js",
    "start": 1640862034715,
    "end": 1640862034719,
    "duration": 4,
    "pid": 9412,
    "index": 61
  },
  {
    "name": "Require(52) node_modules/egg-cors/app.js",
    "start": 1640862034720,
    "end": 1640862034720,
    "duration": 0,
    "pid": 9412,
    "index": 62
  },
  {
    "name": "Before Start in node_modules/egg-watcher/lib/init.js:15:14",
    "start": 1640862034750,
    "end": 1640862035910,
    "duration": 1160,
    "pid": 9412,
    "index": 63
  },
  {
    "name": "Load \"Symbol(model)\" to Application",
    "start": 1640862035425,
    "end": 1640862035461,
    "duration": 36,
    "pid": 9412,
    "index": 64
  },
  {
    "name": "Before Start in node_modules/egg-sequelize/lib/loader.js:39:7",
    "start": 1640862035464,
    "end": 1640862035929,
    "duration": 465,
    "pid": 9412,
    "index": 65
  },
  {
    "name": "Load Service",
    "start": 1640862035464,
    "end": 1640862035482,
    "duration": 18,
    "pid": 9412,
    "index": 66
  },
  {
    "name": "Load \"service\" to Context",
    "start": 1640862035465,
    "end": 1640862035482,
    "duration": 17,
    "pid": 9412,
    "index": 67
  },
  {
    "name": "Load Middleware",
    "start": 1640862035482,
    "end": 1640862035727,
    "duration": 245,
    "pid": 9412,
    "index": 68
  },
  {
    "name": "Load \"middlewares\" to Application",
    "start": 1640862035482,
    "end": 1640862035696,
    "duration": 214,
    "pid": 9412,
    "index": 69
  },
  {
    "name": "Load Controller",
    "start": 1640862035727,
    "end": 1640862035820,
    "duration": 93,
    "pid": 9412,
    "index": 70
  },
  {
    "name": "Load \"controller\" to Application",
    "start": 1640862035727,
    "end": 1640862035820,
    "duration": 93,
    "pid": 9412,
    "index": 71
  },
  {
    "name": "Load Router",
    "start": 1640862035820,
    "end": 1640862035833,
    "duration": 13,
    "pid": 9412,
    "index": 72
  },
  {
    "name": "Require(53) app/router.js",
    "start": 1640862035821,
    "end": 1640862035822,
    "duration": 1,
    "pid": 9412,
    "index": 73
  },
  {
    "name": "Before Start in node_modules/egg-core/lib/egg.js:303:10",
    "start": 1640862035823,
    "end": 1640862035859,
    "duration": 36,
    "pid": 9412,
    "index": 74
  }
]