[
  {
    "name": "Process Start",
    "start": 1640856850842,
    "end": 1640856854644,
    "duration": 3802,
    "pid": 2700,
    "index": 0
  },
  {
    "name": "Application Start",
    "start": 1640856854645,
    "end": 1640856856820,
    "duration": 2175,
    "pid": 2700,
    "index": 1
  },
  {
    "name": "Load Plugin",
    "start": 1640856854655,
    "end": 1640856854726,
    "duration": 71,
    "pid": 2700,
    "index": 2
  },
  {
    "name": "Load Config",
    "start": 1640856854727,
    "end": 1640856854784,
    "duration": 57,
    "pid": 2700,
    "index": 3
  },
  {
    "name": "Require(0) config/config.default.js",
    "start": 1640856854728,
    "end": 1640856854729,
    "duration": 1,
    "pid": 2700,
    "index": 4
  },
  {
    "name": "Require(1) node_modules/egg-session/config/config.default.js",
    "start": 1640856854732,
    "end": 1640856854733,
    "duration": 1,
    "pid": 2700,
    "index": 5
  },
  {
    "name": "Require(2) node_modules/egg-security/config/config.default.js",
    "start": 1640856854734,
    "end": 1640856854735,
    "duration": 1,
    "pid": 2700,
    "index": 6
  },
  {
    "name": "Require(3) node_modules/egg-jsonp/config/config.default.js",
    "start": 1640856854738,
    "end": 1640856854739,
    "duration": 1,
    "pid": 2700,
    "index": 7
  },
  {
    "name": "Require(4) node_modules/egg-onerror/config/config.default.js",
    "start": 1640856854740,
    "end": 1640856854741,
    "duration": 1,
    "pid": 2700,
    "index": 8
  },
  {
    "name": "Require(5) node_modules/egg-i18n/config/config.default.js",
    "start": 1640856854742,
    "end": 1640856854743,
    "duration": 1,
    "pid": 2700,
    "index": 9
  },
  {
    "name": "Require(6) node_modules/egg-watcher/config/config.default.js",
    "start": 1640856854745,
    "end": 1640856854746,
    "duration": 1,
    "pid": 2700,
    "index": 10
  },
  {
    "name": "Require(7) node_modules/egg-schedule/config/config.default.js",
    "start": 1640856854747,
    "end": 1640856854748,
    "duration": 1,
    "pid": 2700,
    "index": 11
  },
  {
    "name": "Require(8) node_modules/egg-multipart/config/config.default.js",
    "start": 1640856854749,
    "end": 1640856854750,
    "duration": 1,
    "pid": 2700,
    "index": 12
  },
  {
    "name": "Require(9) node_modules/egg-development/config/config.default.js",
    "start": 1640856854752,
    "end": 1640856854753,
    "duration": 1,
    "pid": 2700,
    "index": 13
  },
  {
    "name": "Require(10) node_modules/egg-logrotator/config/config.default.js",
    "start": 1640856854754,
    "end": 1640856854755,
    "duration": 1,
    "pid": 2700,
    "index": 14
  },
  {
    "name": "Require(11) node_modules/egg-static/config/config.default.js",
    "start": 1640856854756,
    "end": 1640856854757,
    "duration": 1,
    "pid": 2700,
    "index": 15
  },
  {
    "name": "Require(12) node_modules/egg-view/config/config.default.js",
    "start": 1640856854759,
    "end": 1640856854760,
    "duration": 1,
    "pid": 2700,
    "index": 16
  },
  {
    "name": "Require(13) node_modules/egg-sequelize/config/config.default.js",
    "start": 1640856854761,
    "end": 1640856854762,
    "duration": 1,
    "pid": 2700,
    "index": 17
  },
  {
    "name": "Require(14) node_modules/egg-validate/config/config.default.js",
    "start": 1640856854763,
    "end": 1640856854764,
    "duration": 1,
    "pid": 2700,
    "index": 18
  },
  {
    "name": "Require(15) node_modules/egg-cors/config/config.default.js",
    "start": 1640856854765,
    "end": 1640856854766,
    "duration": 1,
    "pid": 2700,
    "index": 19
  },
  {
    "name": "Require(16) node_modules/egg/config/config.default.js",
    "start": 1640856854767,
    "end": 1640856854768,
    "duration": 1,
    "pid": 2700,
    "index": 20
  },
  {
    "name": "Require(17) config/config.default.js",
    "start": 1640856854770,
    "end": 1640856854770,
    "duration": 0,
    "pid": 2700,
    "index": 21
  },
  {
    "name": "Require(18) node_modules/egg-security/config/config.local.js",
    "start": 1640856854772,
    "end": 1640856854773,
    "duration": 1,
    "pid": 2700,
    "index": 22
  },
  {
    "name": "Require(19) node_modules/egg-watcher/config/config.local.js",
    "start": 1640856854776,
    "end": 1640856854776,
    "duration": 0,
    "pid": 2700,
    "index": 23
  },
  {
    "name": "Require(20) node_modules/egg-view/config/config.local.js",
    "start": 1640856854780,
    "end": 1640856854780,
    "duration": 0,
    "pid": 2700,
    "index": 24
  },
  {
    "name": "Require(21) node_modules/egg/config/config.local.js",
    "start": 1640856854783,
    "end": 1640856854783,
    "duration": 0,
    "pid": 2700,
    "index": 25
  },
  {
    "name": "Load extend/application.js",
    "start": 1640856854785,
    "end": 1640856854835,
    "duration": 50,
    "pid": 2700,
    "index": 26
  },
  {
    "name": "Require(22) node_modules/egg-session/app/extend/application.js",
    "start": 1640856854787,
    "end": 1640856854789,
    "duration": 2,
    "pid": 2700,
    "index": 27
  },
  {
    "name": "Require(23) node_modules/egg-security/app/extend/application.js",
    "start": 1640856854791,
    "end": 1640856854798,
    "duration": 7,
    "pid": 2700,
    "index": 28
  },
  {
    "name": "Require(24) node_modules/egg-jsonp/app/extend/application.js",
    "start": 1640856854799,
    "end": 1640856854803,
    "duration": 4,
    "pid": 2700,
    "index": 29
  },
  {
    "name": "Require(25) node_modules/egg-logrotator/app/extend/application.js",
    "start": 1640856854810,
    "end": 1640856854814,
    "duration": 4,
    "pid": 2700,
    "index": 30
  },
  {
    "name": "Require(26) node_modules/egg-view/app/extend/application.js",
    "start": 1640856854816,
    "end": 1640856854819,
    "duration": 3,
    "pid": 2700,
    "index": 31
  },
  {
    "name": "Load extend/request.js",
    "start": 1640856854836,
    "end": 1640856854861,
    "duration": 25,
    "pid": 2700,
    "index": 32
  },
  {
    "name": "Require(27) node_modules/egg/app/extend/request.js",
    "start": 1640856854847,
    "end": 1640856854850,
    "duration": 3,
    "pid": 2700,
    "index": 33
  },
  {
    "name": "Load extend/response.js",
    "start": 1640856854861,
    "end": 1640856854887,
    "duration": 26,
    "pid": 2700,
    "index": 34
  },
  {
    "name": "Require(28) node_modules/egg/app/extend/response.js",
    "start": 1640856854872,
    "end": 1640856854876,
    "duration": 4,
    "pid": 2700,
    "index": 35
  },
  {
    "name": "Load extend/context.js",
    "start": 1640856854888,
    "end": 1640856855062,
    "duration": 174,
    "pid": 2700,
    "index": 36
  },
  {
    "name": "Require(29) node_modules/egg-security/app/extend/context.js",
    "start": 1640856854889,
    "end": 1640856854916,
    "duration": 27,
    "pid": 2700,
    "index": 37
  },
  {
    "name": "Require(30) node_modules/egg-jsonp/app/extend/context.js",
    "start": 1640856854917,
    "end": 1640856854921,
    "duration": 4,
    "pid": 2700,
    "index": 38
  },
  {
    "name": "Require(31) node_modules/egg-i18n/app/extend/context.js",
    "start": 1640856854923,
    "end": 1640856854924,
    "duration": 1,
    "pid": 2700,
    "index": 39
  },
  {
    "name": "Require(32) node_modules/egg-multipart/app/extend/context.js",
    "start": 1640856854927,
    "end": 1640856855041,
    "duration": 114,
    "pid": 2700,
    "index": 40
  },
  {
    "name": "Require(33) node_modules/egg-view/app/extend/context.js",
    "start": 1640856855043,
    "end": 1640856855046,
    "duration": 3,
    "pid": 2700,
    "index": 41
  },
  {
    "name": "Require(34) node_modules/egg-validate/app/extend/context.js",
    "start": 1640856855047,
    "end": 1640856855048,
    "duration": 1,
    "pid": 2700,
    "index": 42
  },
  {
    "name": "Require(35) node_modules/egg/app/extend/context.js",
    "start": 1640856855050,
    "end": 1640856855051,
    "duration": 1,
    "pid": 2700,
    "index": 43
  },
  {
    "name": "Require(36) app/extend/context.js",
    "start": 1640856855052,
    "end": 1640856855053,
    "duration": 1,
    "pid": 2700,
    "index": 44
  },
  {
    "name": "Load extend/helper.js",
    "start": 1640856855062,
    "end": 1640856855167,
    "duration": 105,
    "pid": 2700,
    "index": 45
  },
  {
    "name": "Require(37) node_modules/egg-security/app/extend/helper.js",
    "start": 1640856855064,
    "end": 1640856855103,
    "duration": 39,
    "pid": 2700,
    "index": 46
  },
  {
    "name": "Require(38) node_modules/egg/app/extend/helper.js",
    "start": 1640856855111,
    "end": 1640856855112,
    "duration": 1,
    "pid": 2700,
    "index": 47
  },
  {
    "name": "Require(39) app/extend/helper.js",
    "start": 1640856855113,
    "end": 1640856855157,
    "duration": 44,
    "pid": 2700,
    "index": 48
  },
  {
    "name": "Load app.js",
    "start": 1640856855167,
    "end": 1640856855268,
    "duration": 101,
    "pid": 2700,
    "index": 49
  },
  {
    "name": "Require(40) node_modules/egg-session/app.js",
    "start": 1640856855168,
    "end": 1640856855169,
    "duration": 1,
    "pid": 2700,
    "index": 50
  },
  {
    "name": "Require(41) node_modules/egg-security/app.js",
    "start": 1640856855170,
    "end": 1640856855173,
    "duration": 3,
    "pid": 2700,
    "index": 51
  },
  {
    "name": "Require(42) node_modules/egg-onerror/app.js",
    "start": 1640856855175,
    "end": 1640856855197,
    "duration": 22,
    "pid": 2700,
    "index": 52
  },
  {
    "name": "Require(43) node_modules/egg-i18n/app.js",
    "start": 1640856855198,
    "end": 1640856855237,
    "duration": 39,
    "pid": 2700,
    "index": 53
  },
  {
    "name": "Require(44) node_modules/egg-watcher/app.js",
    "start": 1640856855238,
    "end": 1640856855247,
    "duration": 9,
    "pid": 2700,
    "index": 54
  },
  {
    "name": "Require(45) node_modules/egg-schedule/app.js",
    "start": 1640856855247,
    "end": 1640856855251,
    "duration": 4,
    "pid": 2700,
    "index": 55
  },
  {
    "name": "Require(46) node_modules/egg-multipart/app.js",
    "start": 1640856855252,
    "end": 1640856855253,
    "duration": 1,
    "pid": 2700,
    "index": 56
  },
  {
    "name": "Require(47) node_modules/egg-development/app.js",
    "start": 1640856855254,
    "end": 1640856855254,
    "duration": 0,
    "pid": 2700,
    "index": 57
  },
  {
    "name": "Require(48) node_modules/egg-logrotator/app.js",
    "start": 1640856855255,
    "end": 1640856855255,
    "duration": 0,
    "pid": 2700,
    "index": 58
  },
  {
    "name": "Require(49) node_modules/egg-static/app.js",
    "start": 1640856855256,
    "end": 1640856855257,
    "duration": 1,
    "pid": 2700,
    "index": 59
  },
  {
    "name": "Require(50) node_modules/egg-sequelize/app.js",
    "start": 1640856855259,
    "end": 1640856855259,
    "duration": 0,
    "pid": 2700,
    "index": 60
  },
  {
    "name": "Require(51) node_modules/egg-validate/app.js",
    "start": 1640856855260,
    "end": 1640856855264,
    "duration": 4,
    "pid": 2700,
    "index": 61
  },
  {
    "name": "Require(52) node_modules/egg-cors/app.js",
    "start": 1640856855265,
    "end": 1640856855266,
    "duration": 1,
    "pid": 2700,
    "index": 62
  },
  {
    "name": "Before Start in node_modules/egg-watcher/lib/init.js:15:14",
    "start": 1640856855294,
    "end": 1640856856796,
    "duration": 1502,
    "pid": 2700,
    "index": 63
  },
  {
    "name": "Load \"Symbol(model)\" to Application",
    "start": 1640856856204,
    "end": 1640856856251,
    "duration": 47,
    "pid": 2700,
    "index": 64
  },
  {
    "name": "Before Start in node_modules/egg-sequelize/lib/loader.js:39:7",
    "start": 1640856856255,
    "end": 1640856856820,
    "duration": 565,
    "pid": 2700,
    "index": 65
  },
  {
    "name": "Load Service",
    "start": 1640856856256,
    "end": 1640856856282,
    "duration": 26,
    "pid": 2700,
    "index": 66
  },
  {
    "name": "Load \"service\" to Context",
    "start": 1640856856256,
    "end": 1640856856282,
    "duration": 26,
    "pid": 2700,
    "index": 67
  },
  {
    "name": "Load Middleware",
    "start": 1640856856282,
    "end": 1640856856570,
    "duration": 288,
    "pid": 2700,
    "index": 68
  },
  {
    "name": "Load \"middlewares\" to Application",
    "start": 1640856856282,
    "end": 1640856856546,
    "duration": 264,
    "pid": 2700,
    "index": 69
  },
  {
    "name": "Load Controller",
    "start": 1640856856570,
    "end": 1640856856700,
    "duration": 130,
    "pid": 2700,
    "index": 70
  },
  {
    "name": "Load \"controller\" to Application",
    "start": 1640856856570,
    "end": 1640856856700,
    "duration": 130,
    "pid": 2700,
    "index": 71
  },
  {
    "name": "Load Router",
    "start": 1640856856700,
    "end": 1640856856716,
    "duration": 16,
    "pid": 2700,
    "index": 72
  },
  {
    "name": "Require(53) app/router.js",
    "start": 1640856856702,
    "end": 1640856856703,
    "duration": 1,
    "pid": 2700,
    "index": 73
  },
  {
    "name": "Before Start in node_modules/egg-core/lib/egg.js:303:10",
    "start": 1640856856703,
    "end": 1640856856744,
    "duration": 41,
    "pid": 2700,
    "index": 74
  }
]