[
  {
    "name": "Process Start",
    "start": 1640855409161,
    "end": 1640855412147,
    "duration": 2986,
    "pid": 6508,
    "index": 0
  },
  {
    "name": "Application Start",
    "start": 1640855412149,
    "end": 1640855414729,
    "duration": 2580,
    "pid": 6508,
    "index": 1
  },
  {
    "name": "Load Plugin",
    "start": 1640855412158,
    "end": 1640855412218,
    "duration": 60,
    "pid": 6508,
    "index": 2
  },
  {
    "name": "Load Config",
    "start": 1640855412218,
    "end": 1640855412268,
    "duration": 50,
    "pid": 6508,
    "index": 3
  },
  {
    "name": "Require(0) config/config.default.js",
    "start": 1640855412220,
    "end": 1640855412220,
    "duration": 0,
    "pid": 6508,
    "index": 4
  },
  {
    "name": "Require(1) node_modules/egg-session/config/config.default.js",
    "start": 1640855412223,
    "end": 1640855412224,
    "duration": 1,
    "pid": 6508,
    "index": 5
  },
  {
    "name": "Require(2) node_modules/egg-security/config/config.default.js",
    "start": 1640855412225,
    "end": 1640855412226,
    "duration": 1,
    "pid": 6508,
    "index": 6
  },
  {
    "name": "Require(3) node_modules/egg-jsonp/config/config.default.js",
    "start": 1640855412228,
    "end": 1640855412229,
    "duration": 1,
    "pid": 6508,
    "index": 7
  },
  {
    "name": "Require(4) node_modules/egg-onerror/config/config.default.js",
    "start": 1640855412230,
    "end": 1640855412231,
    "duration": 1,
    "pid": 6508,
    "index": 8
  },
  {
    "name": "Require(5) node_modules/egg-i18n/config/config.default.js",
    "start": 1640855412232,
    "end": 1640855412233,
    "duration": 1,
    "pid": 6508,
    "index": 9
  },
  {
    "name": "Require(6) node_modules/egg-watcher/config/config.default.js",
    "start": 1640855412234,
    "end": 1640855412235,
    "duration": 1,
    "pid": 6508,
    "index": 10
  },
  {
    "name": "Require(7) node_modules/egg-schedule/config/config.default.js",
    "start": 1640855412236,
    "end": 1640855412237,
    "duration": 1,
    "pid": 6508,
    "index": 11
  },
  {
    "name": "Require(8) node_modules/egg-multipart/config/config.default.js",
    "start": 1640855412238,
    "end": 1640855412239,
    "duration": 1,
    "pid": 6508,
    "index": 12
  },
  {
    "name": "Require(9) node_modules/egg-development/config/config.default.js",
    "start": 1640855412240,
    "end": 1640855412241,
    "duration": 1,
    "pid": 6508,
    "index": 13
  },
  {
    "name": "Require(10) node_modules/egg-logrotator/config/config.default.js",
    "start": 1640855412242,
    "end": 1640855412242,
    "duration": 0,
    "pid": 6508,
    "index": 14
  },
  {
    "name": "Require(11) node_modules/egg-static/config/config.default.js",
    "start": 1640855412243,
    "end": 1640855412244,
    "duration": 1,
    "pid": 6508,
    "index": 15
  },
  {
    "name": "Require(12) node_modules/egg-view/config/config.default.js",
    "start": 1640855412245,
    "end": 1640855412246,
    "duration": 1,
    "pid": 6508,
    "index": 16
  },
  {
    "name": "Require(13) node_modules/egg-sequelize/config/config.default.js",
    "start": 1640855412247,
    "end": 1640855412248,
    "duration": 1,
    "pid": 6508,
    "index": 17
  },
  {
    "name": "Require(14) node_modules/egg-validate/config/config.default.js",
    "start": 1640855412249,
    "end": 1640855412250,
    "duration": 1,
    "pid": 6508,
    "index": 18
  },
  {
    "name": "Require(15) node_modules/egg-cors/config/config.default.js",
    "start": 1640855412251,
    "end": 1640855412251,
    "duration": 0,
    "pid": 6508,
    "index": 19
  },
  {
    "name": "Require(16) node_modules/egg/config/config.default.js",
    "start": 1640855412252,
    "end": 1640855412253,
    "duration": 1,
    "pid": 6508,
    "index": 20
  },
  {
    "name": "Require(17) config/config.default.js",
    "start": 1640855412255,
    "end": 1640855412255,
    "duration": 0,
    "pid": 6508,
    "index": 21
  },
  {
    "name": "Require(18) node_modules/egg-security/config/config.local.js",
    "start": 1640855412256,
    "end": 1640855412257,
    "duration": 1,
    "pid": 6508,
    "index": 22
  },
  {
    "name": "Require(19) node_modules/egg-watcher/config/config.local.js",
    "start": 1640855412259,
    "end": 1640855412260,
    "duration": 1,
    "pid": 6508,
    "index": 23
  },
  {
    "name": "Require(20) node_modules/egg-view/config/config.local.js",
    "start": 1640855412264,
    "end": 1640855412264,
    "duration": 0,
    "pid": 6508,
    "index": 24
  },
  {
    "name": "Require(21) node_modules/egg/config/config.local.js",
    "start": 1640855412267,
    "end": 1640855412268,
    "duration": 1,
    "pid": 6508,
    "index": 25
  },
  {
    "name": "Load extend/application.js",
    "start": 1640855412269,
    "end": 1640855412304,
    "duration": 35,
    "pid": 6508,
    "index": 26
  },
  {
    "name": "Require(22) node_modules/egg-session/app/extend/application.js",
    "start": 1640855412271,
    "end": 1640855412272,
    "duration": 1,
    "pid": 6508,
    "index": 27
  },
  {
    "name": "Require(23) node_modules/egg-security/app/extend/application.js",
    "start": 1640855412273,
    "end": 1640855412276,
    "duration": 3,
    "pid": 6508,
    "index": 28
  },
  {
    "name": "Require(24) node_modules/egg-jsonp/app/extend/application.js",
    "start": 1640855412277,
    "end": 1640855412280,
    "duration": 3,
    "pid": 6508,
    "index": 29
  },
  {
    "name": "Require(25) node_modules/egg-logrotator/app/extend/application.js",
    "start": 1640855412284,
    "end": 1640855412288,
    "duration": 4,
    "pid": 6508,
    "index": 30
  },
  {
    "name": "Require(26) node_modules/egg-view/app/extend/application.js",
    "start": 1640855412289,
    "end": 1640855412292,
    "duration": 3,
    "pid": 6508,
    "index": 31
  },
  {
    "name": "Load extend/request.js",
    "start": 1640855412304,
    "end": 1640855412324,
    "duration": 20,
    "pid": 6508,
    "index": 32
  },
  {
    "name": "Require(27) node_modules/egg/app/extend/request.js",
    "start": 1640855412313,
    "end": 1640855412314,
    "duration": 1,
    "pid": 6508,
    "index": 33
  },
  {
    "name": "Load extend/response.js",
    "start": 1640855412324,
    "end": 1640855412345,
    "duration": 21,
    "pid": 6508,
    "index": 34
  },
  {
    "name": "Require(28) node_modules/egg/app/extend/response.js",
    "start": 1640855412333,
    "end": 1640855412336,
    "duration": 3,
    "pid": 6508,
    "index": 35
  },
  {
    "name": "Load extend/context.js",
    "start": 1640855412345,
    "end": 1640855412502,
    "duration": 157,
    "pid": 6508,
    "index": 36
  },
  {
    "name": "Require(29) node_modules/egg-security/app/extend/context.js",
    "start": 1640855412347,
    "end": 1640855412367,
    "duration": 20,
    "pid": 6508,
    "index": 37
  },
  {
    "name": "Require(30) node_modules/egg-jsonp/app/extend/context.js",
    "start": 1640855412368,
    "end": 1640855412371,
    "duration": 3,
    "pid": 6508,
    "index": 38
  },
  {
    "name": "Require(31) node_modules/egg-i18n/app/extend/context.js",
    "start": 1640855412372,
    "end": 1640855412373,
    "duration": 1,
    "pid": 6508,
    "index": 39
  },
  {
    "name": "Require(32) node_modules/egg-multipart/app/extend/context.js",
    "start": 1640855412375,
    "end": 1640855412473,
    "duration": 98,
    "pid": 6508,
    "index": 40
  },
  {
    "name": "Require(33) node_modules/egg-view/app/extend/context.js",
    "start": 1640855412478,
    "end": 1640855412480,
    "duration": 2,
    "pid": 6508,
    "index": 41
  },
  {
    "name": "Require(34) node_modules/egg-validate/app/extend/context.js",
    "start": 1640855412481,
    "end": 1640855412482,
    "duration": 1,
    "pid": 6508,
    "index": 42
  },
  {
    "name": "Require(35) node_modules/egg/app/extend/context.js",
    "start": 1640855412483,
    "end": 1640855412485,
    "duration": 2,
    "pid": 6508,
    "index": 43
  },
  {
    "name": "Require(36) app/extend/context.js",
    "start": 1640855412486,
    "end": 1640855412488,
    "duration": 2,
    "pid": 6508,
    "index": 44
  },
  {
    "name": "Load extend/helper.js",
    "start": 1640855412502,
    "end": 1640855412608,
    "duration": 106,
    "pid": 6508,
    "index": 45
  },
  {
    "name": "Require(37) node_modules/egg-security/app/extend/helper.js",
    "start": 1640855412504,
    "end": 1640855412544,
    "duration": 40,
    "pid": 6508,
    "index": 46
  },
  {
    "name": "Require(38) node_modules/egg/app/extend/helper.js",
    "start": 1640855412552,
    "end": 1640855412552,
    "duration": 0,
    "pid": 6508,
    "index": 47
  },
  {
    "name": "Require(39) app/extend/helper.js",
    "start": 1640855412553,
    "end": 1640855412596,
    "duration": 43,
    "pid": 6508,
    "index": 48
  },
  {
    "name": "Load app.js",
    "start": 1640855412608,
    "end": 1640855412703,
    "duration": 95,
    "pid": 6508,
    "index": 49
  },
  {
    "name": "Require(40) node_modules/egg-session/app.js",
    "start": 1640855412609,
    "end": 1640855412610,
    "duration": 1,
    "pid": 6508,
    "index": 50
  },
  {
    "name": "Require(41) node_modules/egg-security/app.js",
    "start": 1640855412611,
    "end": 1640855412614,
    "duration": 3,
    "pid": 6508,
    "index": 51
  },
  {
    "name": "Require(42) node_modules/egg-onerror/app.js",
    "start": 1640855412616,
    "end": 1640855412633,
    "duration": 17,
    "pid": 6508,
    "index": 52
  },
  {
    "name": "Require(43) node_modules/egg-i18n/app.js",
    "start": 1640855412634,
    "end": 1640855412672,
    "duration": 38,
    "pid": 6508,
    "index": 53
  },
  {
    "name": "Require(44) node_modules/egg-watcher/app.js",
    "start": 1640855412673,
    "end": 1640855412681,
    "duration": 8,
    "pid": 6508,
    "index": 54
  },
  {
    "name": "Require(45) node_modules/egg-schedule/app.js",
    "start": 1640855412682,
    "end": 1640855412686,
    "duration": 4,
    "pid": 6508,
    "index": 55
  },
  {
    "name": "Require(46) node_modules/egg-multipart/app.js",
    "start": 1640855412687,
    "end": 1640855412688,
    "duration": 1,
    "pid": 6508,
    "index": 56
  },
  {
    "name": "Require(47) node_modules/egg-development/app.js",
    "start": 1640855412688,
    "end": 1640855412689,
    "duration": 1,
    "pid": 6508,
    "index": 57
  },
  {
    "name": "Require(48) node_modules/egg-logrotator/app.js",
    "start": 1640855412690,
    "end": 1640855412690,
    "duration": 0,
    "pid": 6508,
    "index": 58
  },
  {
    "name": "Require(49) node_modules/egg-static/app.js",
    "start": 1640855412691,
    "end": 1640855412691,
    "duration": 0,
    "pid": 6508,
    "index": 59
  },
  {
    "name": "Require(50) node_modules/egg-sequelize/app.js",
    "start": 1640855412693,
    "end": 1640855412693,
    "duration": 0,
    "pid": 6508,
    "index": 60
  },
  {
    "name": "Require(51) node_modules/egg-validate/app.js",
    "start": 1640855412694,
    "end": 1640855412697,
    "duration": 3,
    "pid": 6508,
    "index": 61
  },
  {
    "name": "Require(52) node_modules/egg-cors/app.js",
    "start": 1640855412699,
    "end": 1640855412700,
    "duration": 1,
    "pid": 6508,
    "index": 62
  },
  {
    "name": "Before Start in node_modules/egg-watcher/lib/init.js:15:14",
    "start": 1640855412729,
    "end": 1640855414703,
    "duration": 1974,
    "pid": 6508,
    "index": 63
  },
  {
    "name": "Load \"Symbol(model)\" to Application",
    "start": 1640855414034,
    "end": 1640855414089,
    "duration": 55,
    "pid": 6508,
    "index": 64
  },
  {
    "name": "Before Start in node_modules/egg-sequelize/lib/loader.js:39:7",
    "start": 1640855414094,
    "end": 1640855414728,
    "duration": 634,
    "pid": 6508,
    "index": 65
  },
  {
    "name": "Load Service",
    "start": 1640855414095,
    "end": 1640855414123,
    "duration": 28,
    "pid": 6508,
    "index": 66
  },
  {
    "name": "Load \"service\" to Context",
    "start": 1640855414095,
    "end": 1640855414123,
    "duration": 28,
    "pid": 6508,
    "index": 67
  },
  {
    "name": "Load Middleware",
    "start": 1640855414123,
    "end": 1640855414445,
    "duration": 322,
    "pid": 6508,
    "index": 68
  },
  {
    "name": "Load \"middlewares\" to Application",
    "start": 1640855414123,
    "end": 1640855414410,
    "duration": 287,
    "pid": 6508,
    "index": 69
  },
  {
    "name": "Load Controller",
    "start": 1640855414445,
    "end": 1640855414555,
    "duration": 110,
    "pid": 6508,
    "index": 70
  },
  {
    "name": "Load \"controller\" to Application",
    "start": 1640855414446,
    "end": 1640855414555,
    "duration": 109,
    "pid": 6508,
    "index": 71
  },
  {
    "name": "Load Router",
    "start": 1640855414555,
    "end": 1640855414569,
    "duration": 14,
    "pid": 6508,
    "index": 72
  },
  {
    "name": "Require(53) app/router.js",
    "start": 1640855414556,
    "end": 1640855414556,
    "duration": 0,
    "pid": 6508,
    "index": 73
  },
  {
    "name": "Before Start in node_modules/egg-core/lib/egg.js:303:10",
    "start": 1640855414557,
    "end": 1640855414628,
    "duration": 71,
    "pid": 6508,
    "index": 74
  }
]