[
  {
    "name": "Process Start",
    "start": 1640862321317,
    "end": 1640862323771,
    "duration": 2454,
    "pid": 4848,
    "index": 0
  },
  {
    "name": "Application Start",
    "start": 1640862323772,
    "end": 1640862325616,
    "duration": 1844,
    "pid": 4848,
    "index": 1
  },
  {
    "name": "Load Plugin",
    "start": 1640862323783,
    "end": 1640862323852,
    "duration": 69,
    "pid": 4848,
    "index": 2
  },
  {
    "name": "Load Config",
    "start": 1640862323853,
    "end": 1640862323908,
    "duration": 55,
    "pid": 4848,
    "index": 3
  },
  {
    "name": "Require(0) config/config.default.js",
    "start": 1640862323854,
    "end": 1640862323855,
    "duration": 1,
    "pid": 4848,
    "index": 4
  },
  {
    "name": "Require(1) node_modules/egg-session/config/config.default.js",
    "start": 1640862323859,
    "end": 1640862323860,
    "duration": 1,
    "pid": 4848,
    "index": 5
  },
  {
    "name": "Require(2) node_modules/egg-security/config/config.default.js",
    "start": 1640862323861,
    "end": 1640862323862,
    "duration": 1,
    "pid": 4848,
    "index": 6
  },
  {
    "name": "Require(3) node_modules/egg-jsonp/config/config.default.js",
    "start": 1640862323864,
    "end": 1640862323865,
    "duration": 1,
    "pid": 4848,
    "index": 7
  },
  {
    "name": "Require(4) node_modules/egg-onerror/config/config.default.js",
    "start": 1640862323866,
    "end": 1640862323867,
    "duration": 1,
    "pid": 4848,
    "index": 8
  },
  {
    "name": "Require(5) node_modules/egg-i18n/config/config.default.js",
    "start": 1640862323868,
    "end": 1640862323869,
    "duration": 1,
    "pid": 4848,
    "index": 9
  },
  {
    "name": "Require(6) node_modules/egg-watcher/config/config.default.js",
    "start": 1640862323870,
    "end": 1640862323871,
    "duration": 1,
    "pid": 4848,
    "index": 10
  },
  {
    "name": "Require(7) node_modules/egg-schedule/config/config.default.js",
    "start": 1640862323872,
    "end": 1640862323873,
    "duration": 1,
    "pid": 4848,
    "index": 11
  },
  {
    "name": "Require(8) node_modules/egg-multipart/config/config.default.js",
    "start": 1640862323874,
    "end": 1640862323875,
    "duration": 1,
    "pid": 4848,
    "index": 12
  },
  {
    "name": "Require(9) node_modules/egg-development/config/config.default.js",
    "start": 1640862323877,
    "end": 1640862323877,
    "duration": 0,
    "pid": 4848,
    "index": 13
  },
  {
    "name": "Require(10) node_modules/egg-logrotator/config/config.default.js",
    "start": 1640862323878,
    "end": 1640862323879,
    "duration": 1,
    "pid": 4848,
    "index": 14
  },
  {
    "name": "Require(11) node_modules/egg-static/config/config.default.js",
    "start": 1640862323880,
    "end": 1640862323881,
    "duration": 1,
    "pid": 4848,
    "index": 15
  },
  {
    "name": "Require(12) node_modules/egg-view/config/config.default.js",
    "start": 1640862323883,
    "end": 1640862323884,
    "duration": 1,
    "pid": 4848,
    "index": 16
  },
  {
    "name": "Require(13) node_modules/egg-sequelize/config/config.default.js",
    "start": 1640862323885,
    "end": 1640862323886,
    "duration": 1,
    "pid": 4848,
    "index": 17
  },
  {
    "name": "Require(14) node_modules/egg-validate/config/config.default.js",
    "start": 1640862323888,
    "end": 1640862323888,
    "duration": 0,
    "pid": 4848,
    "index": 18
  },
  {
    "name": "Require(15) node_modules/egg-cors/config/config.default.js",
    "start": 1640862323889,
    "end": 1640862323890,
    "duration": 1,
    "pid": 4848,
    "index": 19
  },
  {
    "name": "Require(16) node_modules/egg/config/config.default.js",
    "start": 1640862323891,
    "end": 1640862323892,
    "duration": 1,
    "pid": 4848,
    "index": 20
  },
  {
    "name": "Require(17) config/config.default.js",
    "start": 1640862323893,
    "end": 1640862323893,
    "duration": 0,
    "pid": 4848,
    "index": 21
  },
  {
    "name": "Require(18) node_modules/egg-security/config/config.local.js",
    "start": 1640862323895,
    "end": 1640862323896,
    "duration": 1,
    "pid": 4848,
    "index": 22
  },
  {
    "name": "Require(19) node_modules/egg-watcher/config/config.local.js",
    "start": 1640862323898,
    "end": 1640862323899,
    "duration": 1,
    "pid": 4848,
    "index": 23
  },
  {
    "name": "Require(20) node_modules/egg-view/config/config.local.js",
    "start": 1640862323903,
    "end": 1640862323904,
    "duration": 1,
    "pid": 4848,
    "index": 24
  },
  {
    "name": "Require(21) node_modules/egg/config/config.local.js",
    "start": 1640862323907,
    "end": 1640862323907,
    "duration": 0,
    "pid": 4848,
    "index": 25
  },
  {
    "name": "Load extend/application.js",
    "start": 1640862323910,
    "end": 1640862323948,
    "duration": 38,
    "pid": 4848,
    "index": 26
  },
  {
    "name": "Require(22) node_modules/egg-session/app/extend/application.js",
    "start": 1640862323912,
    "end": 1640862323913,
    "duration": 1,
    "pid": 4848,
    "index": 27
  },
  {
    "name": "Require(23) node_modules/egg-security/app/extend/application.js",
    "start": 1640862323915,
    "end": 1640862323918,
    "duration": 3,
    "pid": 4848,
    "index": 28
  },
  {
    "name": "Require(24) node_modules/egg-jsonp/app/extend/application.js",
    "start": 1640862323919,
    "end": 1640862323922,
    "duration": 3,
    "pid": 4848,
    "index": 29
  },
  {
    "name": "Require(25) node_modules/egg-logrotator/app/extend/application.js",
    "start": 1640862323927,
    "end": 1640862323931,
    "duration": 4,
    "pid": 4848,
    "index": 30
  },
  {
    "name": "Require(26) node_modules/egg-view/app/extend/application.js",
    "start": 1640862323932,
    "end": 1640862323936,
    "duration": 4,
    "pid": 4848,
    "index": 31
  },
  {
    "name": "Load extend/request.js",
    "start": 1640862323948,
    "end": 1640862323970,
    "duration": 22,
    "pid": 4848,
    "index": 32
  },
  {
    "name": "Require(27) node_modules/egg/app/extend/request.js",
    "start": 1640862323957,
    "end": 1640862323959,
    "duration": 2,
    "pid": 4848,
    "index": 33
  },
  {
    "name": "Load extend/response.js",
    "start": 1640862323970,
    "end": 1640862323993,
    "duration": 23,
    "pid": 4848,
    "index": 34
  },
  {
    "name": "Require(28) node_modules/egg/app/extend/response.js",
    "start": 1640862323979,
    "end": 1640862323982,
    "duration": 3,
    "pid": 4848,
    "index": 35
  },
  {
    "name": "Load extend/context.js",
    "start": 1640862323993,
    "end": 1640862324203,
    "duration": 210,
    "pid": 4848,
    "index": 36
  },
  {
    "name": "Require(29) node_modules/egg-security/app/extend/context.js",
    "start": 1640862323994,
    "end": 1640862324017,
    "duration": 23,
    "pid": 4848,
    "index": 37
  },
  {
    "name": "Require(30) node_modules/egg-jsonp/app/extend/context.js",
    "start": 1640862324018,
    "end": 1640862324020,
    "duration": 2,
    "pid": 4848,
    "index": 38
  },
  {
    "name": "Require(31) node_modules/egg-i18n/app/extend/context.js",
    "start": 1640862324022,
    "end": 1640862324022,
    "duration": 0,
    "pid": 4848,
    "index": 39
  },
  {
    "name": "Require(32) node_modules/egg-multipart/app/extend/context.js",
    "start": 1640862324025,
    "end": 1640862324169,
    "duration": 144,
    "pid": 4848,
    "index": 40
  },
  {
    "name": "Require(33) node_modules/egg-view/app/extend/context.js",
    "start": 1640862324173,
    "end": 1640862324176,
    "duration": 3,
    "pid": 4848,
    "index": 41
  },
  {
    "name": "Require(34) node_modules/egg-validate/app/extend/context.js",
    "start": 1640862324179,
    "end": 1640862324180,
    "duration": 1,
    "pid": 4848,
    "index": 42
  },
  {
    "name": "Require(35) node_modules/egg/app/extend/context.js",
    "start": 1640862324182,
    "end": 1640862324184,
    "duration": 2,
    "pid": 4848,
    "index": 43
  },
  {
    "name": "Require(36) app/extend/context.js",
    "start": 1640862324186,
    "end": 1640862324188,
    "duration": 2,
    "pid": 4848,
    "index": 44
  },
  {
    "name": "Load extend/helper.js",
    "start": 1640862324203,
    "end": 1640862324313,
    "duration": 110,
    "pid": 4848,
    "index": 45
  },
  {
    "name": "Require(37) node_modules/egg-security/app/extend/helper.js",
    "start": 1640862324205,
    "end": 1640862324246,
    "duration": 41,
    "pid": 4848,
    "index": 46
  },
  {
    "name": "Require(38) node_modules/egg/app/extend/helper.js",
    "start": 1640862324257,
    "end": 1640862324258,
    "duration": 1,
    "pid": 4848,
    "index": 47
  },
  {
    "name": "Require(39) app/extend/helper.js",
    "start": 1640862324259,
    "end": 1640862324302,
    "duration": 43,
    "pid": 4848,
    "index": 48
  },
  {
    "name": "Load app.js",
    "start": 1640862324313,
    "end": 1640862324400,
    "duration": 87,
    "pid": 4848,
    "index": 49
  },
  {
    "name": "Require(40) node_modules/egg-session/app.js",
    "start": 1640862324314,
    "end": 1640862324315,
    "duration": 1,
    "pid": 4848,
    "index": 50
  },
  {
    "name": "Require(41) node_modules/egg-security/app.js",
    "start": 1640862324316,
    "end": 1640862324319,
    "duration": 3,
    "pid": 4848,
    "index": 51
  },
  {
    "name": "Require(42) node_modules/egg-onerror/app.js",
    "start": 1640862324320,
    "end": 1640862324339,
    "duration": 19,
    "pid": 4848,
    "index": 52
  },
  {
    "name": "Require(43) node_modules/egg-i18n/app.js",
    "start": 1640862324340,
    "end": 1640862324372,
    "duration": 32,
    "pid": 4848,
    "index": 53
  },
  {
    "name": "Require(44) node_modules/egg-watcher/app.js",
    "start": 1640862324373,
    "end": 1640862324380,
    "duration": 7,
    "pid": 4848,
    "index": 54
  },
  {
    "name": "Require(45) node_modules/egg-schedule/app.js",
    "start": 1640862324381,
    "end": 1640862324384,
    "duration": 3,
    "pid": 4848,
    "index": 55
  },
  {
    "name": "Require(46) node_modules/egg-multipart/app.js",
    "start": 1640862324385,
    "end": 1640862324386,
    "duration": 1,
    "pid": 4848,
    "index": 56
  },
  {
    "name": "Require(47) node_modules/egg-development/app.js",
    "start": 1640862324387,
    "end": 1640862324388,
    "duration": 1,
    "pid": 4848,
    "index": 57
  },
  {
    "name": "Require(48) node_modules/egg-logrotator/app.js",
    "start": 1640862324388,
    "end": 1640862324389,
    "duration": 1,
    "pid": 4848,
    "index": 58
  },
  {
    "name": "Require(49) node_modules/egg-static/app.js",
    "start": 1640862324390,
    "end": 1640862324390,
    "duration": 0,
    "pid": 4848,
    "index": 59
  },
  {
    "name": "Require(50) node_modules/egg-sequelize/app.js",
    "start": 1640862324392,
    "end": 1640862324393,
    "duration": 1,
    "pid": 4848,
    "index": 60
  },
  {
    "name": "Require(51) node_modules/egg-validate/app.js",
    "start": 1640862324394,
    "end": 1640862324397,
    "duration": 3,
    "pid": 4848,
    "index": 61
  },
  {
    "name": "Require(52) node_modules/egg-cors/app.js",
    "start": 1640862324397,
    "end": 1640862324398,
    "duration": 1,
    "pid": 4848,
    "index": 62
  },
  {
    "name": "Before Start in node_modules/egg-watcher/lib/init.js:15:14",
    "start": 1640862324429,
    "end": 1640862325560,
    "duration": 1131,
    "pid": 4848,
    "index": 63
  },
  {
    "name": "Load \"Symbol(model)\" to Application",
    "start": 1640862325047,
    "end": 1640862325087,
    "duration": 40,
    "pid": 4848,
    "index": 64
  },
  {
    "name": "Before Start in node_modules/egg-sequelize/lib/loader.js:39:7",
    "start": 1640862325090,
    "end": 1640862325615,
    "duration": 525,
    "pid": 4848,
    "index": 65
  },
  {
    "name": "Load Service",
    "start": 1640862325091,
    "end": 1640862325116,
    "duration": 25,
    "pid": 4848,
    "index": 66
  },
  {
    "name": "Load \"service\" to Context",
    "start": 1640862325091,
    "end": 1640862325116,
    "duration": 25,
    "pid": 4848,
    "index": 67
  },
  {
    "name": "Load Middleware",
    "start": 1640862325116,
    "end": 1640862325367,
    "duration": 251,
    "pid": 4848,
    "index": 68
  },
  {
    "name": "Load \"middlewares\" to Application",
    "start": 1640862325116,
    "end": 1640862325343,
    "duration": 227,
    "pid": 4848,
    "index": 69
  },
  {
    "name": "Load Controller",
    "start": 1640862325367,
    "end": 1640862325451,
    "duration": 84,
    "pid": 4848,
    "index": 70
  },
  {
    "name": "Load \"controller\" to Application",
    "start": 1640862325367,
    "end": 1640862325451,
    "duration": 84,
    "pid": 4848,
    "index": 71
  },
  {
    "name": "Load Router",
    "start": 1640862325451,
    "end": 1640862325464,
    "duration": 13,
    "pid": 4848,
    "index": 72
  },
  {
    "name": "Require(53) app/router.js",
    "start": 1640862325452,
    "end": 1640862325453,
    "duration": 1,
    "pid": 4848,
    "index": 73
  },
  {
    "name": "Before Start in node_modules/egg-core/lib/egg.js:303:10",
    "start": 1640862325453,
    "end": 1640862325488,
    "duration": 35,
    "pid": 4848,
    "index": 74
  }
]