[
  {
    "name": "Process Start",
    "start": 1640854502863,
    "end": 1640854504410,
    "duration": 1547,
    "pid": 5708,
    "index": 0
  },
  {
    "name": "Application Start",
    "start": 1640854504411,
    "end": 1640854505905,
    "duration": 1494,
    "pid": 5708,
    "index": 1
  },
  {
    "name": "Load Plugin",
    "start": 1640854504419,
    "end": 1640854504454,
    "duration": 35,
    "pid": 5708,
    "index": 2
  },
  {
    "name": "Load Config",
    "start": 1640854504454,
    "end": 1640854504489,
    "duration": 35,
    "pid": 5708,
    "index": 3
  },
  {
    "name": "Require(0) config/config.default.js",
    "start": 1640854504455,
    "end": 1640854504456,
    "duration": 1,
    "pid": 5708,
    "index": 4
  },
  {
    "name": "Require(1) node_modules/egg-session/config/config.default.js",
    "start": 1640854504458,
    "end": 1640854504459,
    "duration": 1,
    "pid": 5708,
    "index": 5
  },
  {
    "name": "Require(2) node_modules/egg-security/config/config.default.js",
    "start": 1640854504460,
    "end": 1640854504461,
    "duration": 1,
    "pid": 5708,
    "index": 6
  },
  {
    "name": "Require(3) node_modules/egg-jsonp/config/config.default.js",
    "start": 1640854504463,
    "end": 1640854504463,
    "duration": 0,
    "pid": 5708,
    "index": 7
  },
  {
    "name": "Require(4) node_modules/egg-onerror/config/config.default.js",
    "start": 1640854504464,
    "end": 1640854504464,
    "duration": 0,
    "pid": 5708,
    "index": 8
  },
  {
    "name": "Require(5) node_modules/egg-i18n/config/config.default.js",
    "start": 1640854504465,
    "end": 1640854504465,
    "duration": 0,
    "pid": 5708,
    "index": 9
  },
  {
    "name": "Require(6) node_modules/egg-watcher/config/config.default.js",
    "start": 1640854504466,
    "end": 1640854504467,
    "duration": 1,
    "pid": 5708,
    "index": 10
  },
  {
    "name": "Require(7) node_modules/egg-schedule/config/config.default.js",
    "start": 1640854504467,
    "end": 1640854504468,
    "duration": 1,
    "pid": 5708,
    "index": 11
  },
  {
    "name": "Require(8) node_modules/egg-multipart/config/config.default.js",
    "start": 1640854504469,
    "end": 1640854504469,
    "duration": 0,
    "pid": 5708,
    "index": 12
  },
  {
    "name": "Require(9) node_modules/egg-development/config/config.default.js",
    "start": 1640854504470,
    "end": 1640854504471,
    "duration": 1,
    "pid": 5708,
    "index": 13
  },
  {
    "name": "Require(10) node_modules/egg-logrotator/config/config.default.js",
    "start": 1640854504472,
    "end": 1640854504472,
    "duration": 0,
    "pid": 5708,
    "index": 14
  },
  {
    "name": "Require(11) node_modules/egg-static/config/config.default.js",
    "start": 1640854504473,
    "end": 1640854504473,
    "duration": 0,
    "pid": 5708,
    "index": 15
  },
  {
    "name": "Require(12) node_modules/egg-view/config/config.default.js",
    "start": 1640854504475,
    "end": 1640854504476,
    "duration": 1,
    "pid": 5708,
    "index": 16
  },
  {
    "name": "Require(13) node_modules/egg-sequelize/config/config.default.js",
    "start": 1640854504476,
    "end": 1640854504477,
    "duration": 1,
    "pid": 5708,
    "index": 17
  },
  {
    "name": "Require(14) node_modules/egg-validate/config/config.default.js",
    "start": 1640854504478,
    "end": 1640854504478,
    "duration": 0,
    "pid": 5708,
    "index": 18
  },
  {
    "name": "Require(15) node_modules/egg-cors/config/config.default.js",
    "start": 1640854504479,
    "end": 1640854504479,
    "duration": 0,
    "pid": 5708,
    "index": 19
  },
  {
    "name": "Require(16) node_modules/egg/config/config.default.js",
    "start": 1640854504480,
    "end": 1640854504480,
    "duration": 0,
    "pid": 5708,
    "index": 20
  },
  {
    "name": "Require(17) config/config.default.js",
    "start": 1640854504482,
    "end": 1640854504482,
    "duration": 0,
    "pid": 5708,
    "index": 21
  },
  {
    "name": "Require(18) node_modules/egg-security/config/config.local.js",
    "start": 1640854504483,
    "end": 1640854504483,
    "duration": 0,
    "pid": 5708,
    "index": 22
  },
  {
    "name": "Require(19) node_modules/egg-watcher/config/config.local.js",
    "start": 1640854504485,
    "end": 1640854504485,
    "duration": 0,
    "pid": 5708,
    "index": 23
  },
  {
    "name": "Require(20) node_modules/egg-view/config/config.local.js",
    "start": 1640854504487,
    "end": 1640854504487,
    "duration": 0,
    "pid": 5708,
    "index": 24
  },
  {
    "name": "Require(21) node_modules/egg/config/config.local.js",
    "start": 1640854504488,
    "end": 1640854504489,
    "duration": 1,
    "pid": 5708,
    "index": 25
  },
  {
    "name": "Load extend/application.js",
    "start": 1640854504490,
    "end": 1640854504515,
    "duration": 25,
    "pid": 5708,
    "index": 26
  },
  {
    "name": "Require(22) node_modules/egg-session/app/extend/application.js",
    "start": 1640854504491,
    "end": 1640854504493,
    "duration": 2,
    "pid": 5708,
    "index": 27
  },
  {
    "name": "Require(23) node_modules/egg-security/app/extend/application.js",
    "start": 1640854504494,
    "end": 1640854504496,
    "duration": 2,
    "pid": 5708,
    "index": 28
  },
  {
    "name": "Require(24) node_modules/egg-jsonp/app/extend/application.js",
    "start": 1640854504497,
    "end": 1640854504500,
    "duration": 3,
    "pid": 5708,
    "index": 29
  },
  {
    "name": "Require(25) node_modules/egg-logrotator/app/extend/application.js",
    "start": 1640854504502,
    "end": 1640854504505,
    "duration": 3,
    "pid": 5708,
    "index": 30
  },
  {
    "name": "Require(26) node_modules/egg-view/app/extend/application.js",
    "start": 1640854504506,
    "end": 1640854504508,
    "duration": 2,
    "pid": 5708,
    "index": 31
  },
  {
    "name": "Load extend/request.js",
    "start": 1640854504515,
    "end": 1640854504526,
    "duration": 11,
    "pid": 5708,
    "index": 32
  },
  {
    "name": "Require(27) node_modules/egg/app/extend/request.js",
    "start": 1640854504520,
    "end": 1640854504521,
    "duration": 1,
    "pid": 5708,
    "index": 33
  },
  {
    "name": "Load extend/response.js",
    "start": 1640854504526,
    "end": 1640854504539,
    "duration": 13,
    "pid": 5708,
    "index": 34
  },
  {
    "name": "Require(28) node_modules/egg/app/extend/response.js",
    "start": 1640854504531,
    "end": 1640854504534,
    "duration": 3,
    "pid": 5708,
    "index": 35
  },
  {
    "name": "Load extend/context.js",
    "start": 1640854504540,
    "end": 1640854504642,
    "duration": 102,
    "pid": 5708,
    "index": 36
  },
  {
    "name": "Require(29) node_modules/egg-security/app/extend/context.js",
    "start": 1640854504540,
    "end": 1640854504553,
    "duration": 13,
    "pid": 5708,
    "index": 37
  },
  {
    "name": "Require(30) node_modules/egg-jsonp/app/extend/context.js",
    "start": 1640854504553,
    "end": 1640854504555,
    "duration": 2,
    "pid": 5708,
    "index": 38
  },
  {
    "name": "Require(31) node_modules/egg-i18n/app/extend/context.js",
    "start": 1640854504556,
    "end": 1640854504556,
    "duration": 0,
    "pid": 5708,
    "index": 39
  },
  {
    "name": "Require(32) node_modules/egg-multipart/app/extend/context.js",
    "start": 1640854504557,
    "end": 1640854504629,
    "duration": 72,
    "pid": 5708,
    "index": 40
  },
  {
    "name": "Require(33) node_modules/egg-view/app/extend/context.js",
    "start": 1640854504631,
    "end": 1640854504632,
    "duration": 1,
    "pid": 5708,
    "index": 41
  },
  {
    "name": "Require(34) node_modules/egg-validate/app/extend/context.js",
    "start": 1640854504633,
    "end": 1640854504633,
    "duration": 0,
    "pid": 5708,
    "index": 42
  },
  {
    "name": "Require(35) node_modules/egg/app/extend/context.js",
    "start": 1640854504634,
    "end": 1640854504635,
    "duration": 1,
    "pid": 5708,
    "index": 43
  },
  {
    "name": "Require(36) app/extend/context.js",
    "start": 1640854504636,
    "end": 1640854504636,
    "duration": 0,
    "pid": 5708,
    "index": 44
  },
  {
    "name": "Load extend/helper.js",
    "start": 1640854504642,
    "end": 1640854504747,
    "duration": 105,
    "pid": 5708,
    "index": 45
  },
  {
    "name": "Require(37) node_modules/egg-security/app/extend/helper.js",
    "start": 1640854504643,
    "end": 1640854504681,
    "duration": 38,
    "pid": 5708,
    "index": 46
  },
  {
    "name": "Require(38) node_modules/egg/app/extend/helper.js",
    "start": 1640854504686,
    "end": 1640854504688,
    "duration": 2,
    "pid": 5708,
    "index": 47
  },
  {
    "name": "Require(39) app/extend/helper.js",
    "start": 1640854504689,
    "end": 1640854504742,
    "duration": 53,
    "pid": 5708,
    "index": 48
  },
  {
    "name": "Load app.js",
    "start": 1640854504747,
    "end": 1640854504841,
    "duration": 94,
    "pid": 5708,
    "index": 49
  },
  {
    "name": "Require(40) node_modules/egg-session/app.js",
    "start": 1640854504748,
    "end": 1640854504748,
    "duration": 0,
    "pid": 5708,
    "index": 50
  },
  {
    "name": "Require(41) node_modules/egg-security/app.js",
    "start": 1640854504749,
    "end": 1640854504752,
    "duration": 3,
    "pid": 5708,
    "index": 51
  },
  {
    "name": "Require(42) node_modules/egg-onerror/app.js",
    "start": 1640854504753,
    "end": 1640854504780,
    "duration": 27,
    "pid": 5708,
    "index": 52
  },
  {
    "name": "Require(43) node_modules/egg-i18n/app.js",
    "start": 1640854504781,
    "end": 1640854504818,
    "duration": 37,
    "pid": 5708,
    "index": 53
  },
  {
    "name": "Require(44) node_modules/egg-watcher/app.js",
    "start": 1640854504819,
    "end": 1640854504824,
    "duration": 5,
    "pid": 5708,
    "index": 54
  },
  {
    "name": "Require(45) node_modules/egg-schedule/app.js",
    "start": 1640854504824,
    "end": 1640854504826,
    "duration": 2,
    "pid": 5708,
    "index": 55
  },
  {
    "name": "Require(46) node_modules/egg-multipart/app.js",
    "start": 1640854504827,
    "end": 1640854504828,
    "duration": 1,
    "pid": 5708,
    "index": 56
  },
  {
    "name": "Require(47) node_modules/egg-development/app.js",
    "start": 1640854504829,
    "end": 1640854504829,
    "duration": 0,
    "pid": 5708,
    "index": 57
  },
  {
    "name": "Require(48) node_modules/egg-logrotator/app.js",
    "start": 1640854504830,
    "end": 1640854504830,
    "duration": 0,
    "pid": 5708,
    "index": 58
  },
  {
    "name": "Require(49) node_modules/egg-static/app.js",
    "start": 1640854504831,
    "end": 1640854504832,
    "duration": 1,
    "pid": 5708,
    "index": 59
  },
  {
    "name": "Require(50) node_modules/egg-sequelize/app.js",
    "start": 1640854504833,
    "end": 1640854504833,
    "duration": 0,
    "pid": 5708,
    "index": 60
  },
  {
    "name": "Require(51) node_modules/egg-validate/app.js",
    "start": 1640854504834,
    "end": 1640854504838,
    "duration": 4,
    "pid": 5708,
    "index": 61
  },
  {
    "name": "Require(52) node_modules/egg-cors/app.js",
    "start": 1640854504838,
    "end": 1640854504839,
    "duration": 1,
    "pid": 5708,
    "index": 62
  },
  {
    "name": "Before Start in node_modules/egg-watcher/lib/init.js:15:14",
    "start": 1640854504872,
    "end": 1640854505889,
    "duration": 1017,
    "pid": 5708,
    "index": 63
  },
  {
    "name": "Load \"Symbol(model)\" to Application",
    "start": 1640854505435,
    "end": 1640854505470,
    "duration": 35,
    "pid": 5708,
    "index": 64
  },
  {
    "name": "Before Start in node_modules/egg-sequelize/lib/loader.js:39:7",
    "start": 1640854505475,
    "end": 1640854505904,
    "duration": 429,
    "pid": 5708,
    "index": 65
  },
  {
    "name": "Load Service",
    "start": 1640854505475,
    "end": 1640854505492,
    "duration": 17,
    "pid": 5708,
    "index": 66
  },
  {
    "name": "Load \"service\" to Context",
    "start": 1640854505475,
    "end": 1640854505492,
    "duration": 17,
    "pid": 5708,
    "index": 67
  },
  {
    "name": "Load Middleware",
    "start": 1640854505492,
    "end": 1640854505721,
    "duration": 229,
    "pid": 5708,
    "index": 68
  },
  {
    "name": "Load \"middlewares\" to Application",
    "start": 1640854505493,
    "end": 1640854505696,
    "duration": 203,
    "pid": 5708,
    "index": 69
  },
  {
    "name": "Load Controller",
    "start": 1640854505722,
    "end": 1640854505802,
    "duration": 80,
    "pid": 5708,
    "index": 70
  },
  {
    "name": "Load \"controller\" to Application",
    "start": 1640854505722,
    "end": 1640854505802,
    "duration": 80,
    "pid": 5708,
    "index": 71
  },
  {
    "name": "Load Router",
    "start": 1640854505802,
    "end": 1640854505814,
    "duration": 12,
    "pid": 5708,
    "index": 72
  },
  {
    "name": "Require(53) app/router.js",
    "start": 1640854505803,
    "end": 1640854505803,
    "duration": 0,
    "pid": 5708,
    "index": 73
  },
  {
    "name": "Before Start in node_modules/egg-core/lib/egg.js:303:10",
    "start": 1640854505804,
    "end": 1640854505841,
    "duration": 37,
    "pid": 5708,
    "index": 74
  }
]