[
  {
    "name": "Process Start",
    "start": 1640855430349,
    "end": 1640855433315,
    "duration": 2966,
    "pid": 5036,
    "index": 0
  },
  {
    "name": "Application Start",
    "start": 1640855433317,
    "end": 1640855435153,
    "duration": 1836,
    "pid": 5036,
    "index": 1
  },
  {
    "name": "Load Plugin",
    "start": 1640855433328,
    "end": 1640855433409,
    "duration": 81,
    "pid": 5036,
    "index": 2
  },
  {
    "name": "Load Config",
    "start": 1640855433409,
    "end": 1640855433472,
    "duration": 63,
    "pid": 5036,
    "index": 3
  },
  {
    "name": "Require(0) config/config.default.js",
    "start": 1640855433411,
    "end": 1640855433411,
    "duration": 0,
    "pid": 5036,
    "index": 4
  },
  {
    "name": "Require(1) node_modules/egg-session/config/config.default.js",
    "start": 1640855433416,
    "end": 1640855433417,
    "duration": 1,
    "pid": 5036,
    "index": 5
  },
  {
    "name": "Require(2) node_modules/egg-security/config/config.default.js",
    "start": 1640855433418,
    "end": 1640855433420,
    "duration": 2,
    "pid": 5036,
    "index": 6
  },
  {
    "name": "Require(3) node_modules/egg-jsonp/config/config.default.js",
    "start": 1640855433422,
    "end": 1640855433423,
    "duration": 1,
    "pid": 5036,
    "index": 7
  },
  {
    "name": "Require(4) node_modules/egg-onerror/config/config.default.js",
    "start": 1640855433424,
    "end": 1640855433425,
    "duration": 1,
    "pid": 5036,
    "index": 8
  },
  {
    "name": "Require(5) node_modules/egg-i18n/config/config.default.js",
    "start": 1640855433427,
    "end": 1640855433428,
    "duration": 1,
    "pid": 5036,
    "index": 9
  },
  {
    "name": "Require(6) node_modules/egg-watcher/config/config.default.js",
    "start": 1640855433429,
    "end": 1640855433430,
    "duration": 1,
    "pid": 5036,
    "index": 10
  },
  {
    "name": "Require(7) node_modules/egg-schedule/config/config.default.js",
    "start": 1640855433431,
    "end": 1640855433432,
    "duration": 1,
    "pid": 5036,
    "index": 11
  },
  {
    "name": "Require(8) node_modules/egg-multipart/config/config.default.js",
    "start": 1640855433434,
    "end": 1640855433435,
    "duration": 1,
    "pid": 5036,
    "index": 12
  },
  {
    "name": "Require(9) node_modules/egg-development/config/config.default.js",
    "start": 1640855433436,
    "end": 1640855433437,
    "duration": 1,
    "pid": 5036,
    "index": 13
  },
  {
    "name": "Require(10) node_modules/egg-logrotator/config/config.default.js",
    "start": 1640855433439,
    "end": 1640855433440,
    "duration": 1,
    "pid": 5036,
    "index": 14
  },
  {
    "name": "Require(11) node_modules/egg-static/config/config.default.js",
    "start": 1640855433441,
    "end": 1640855433442,
    "duration": 1,
    "pid": 5036,
    "index": 15
  },
  {
    "name": "Require(12) node_modules/egg-view/config/config.default.js",
    "start": 1640855433443,
    "end": 1640855433444,
    "duration": 1,
    "pid": 5036,
    "index": 16
  },
  {
    "name": "Require(13) node_modules/egg-sequelize/config/config.default.js",
    "start": 1640855433445,
    "end": 1640855433446,
    "duration": 1,
    "pid": 5036,
    "index": 17
  },
  {
    "name": "Require(14) node_modules/egg-validate/config/config.default.js",
    "start": 1640855433447,
    "end": 1640855433448,
    "duration": 1,
    "pid": 5036,
    "index": 18
  },
  {
    "name": "Require(15) node_modules/egg-cors/config/config.default.js",
    "start": 1640855433449,
    "end": 1640855433451,
    "duration": 2,
    "pid": 5036,
    "index": 19
  },
  {
    "name": "Require(16) node_modules/egg/config/config.default.js",
    "start": 1640855433452,
    "end": 1640855433453,
    "duration": 1,
    "pid": 5036,
    "index": 20
  },
  {
    "name": "Require(17) config/config.default.js",
    "start": 1640855433456,
    "end": 1640855433456,
    "duration": 0,
    "pid": 5036,
    "index": 21
  },
  {
    "name": "Require(18) node_modules/egg-security/config/config.local.js",
    "start": 1640855433458,
    "end": 1640855433459,
    "duration": 1,
    "pid": 5036,
    "index": 22
  },
  {
    "name": "Require(19) node_modules/egg-watcher/config/config.local.js",
    "start": 1640855433463,
    "end": 1640855433463,
    "duration": 0,
    "pid": 5036,
    "index": 23
  },
  {
    "name": "Require(20) node_modules/egg-view/config/config.local.js",
    "start": 1640855433468,
    "end": 1640855433469,
    "duration": 1,
    "pid": 5036,
    "index": 24
  },
  {
    "name": "Require(21) node_modules/egg/config/config.local.js",
    "start": 1640855433472,
    "end": 1640855433472,
    "duration": 0,
    "pid": 5036,
    "index": 25
  },
  {
    "name": "Load extend/application.js",
    "start": 1640855433474,
    "end": 1640855433512,
    "duration": 38,
    "pid": 5036,
    "index": 26
  },
  {
    "name": "Require(22) node_modules/egg-session/app/extend/application.js",
    "start": 1640855433475,
    "end": 1640855433477,
    "duration": 2,
    "pid": 5036,
    "index": 27
  },
  {
    "name": "Require(23) node_modules/egg-security/app/extend/application.js",
    "start": 1640855433479,
    "end": 1640855433482,
    "duration": 3,
    "pid": 5036,
    "index": 28
  },
  {
    "name": "Require(24) node_modules/egg-jsonp/app/extend/application.js",
    "start": 1640855433483,
    "end": 1640855433486,
    "duration": 3,
    "pid": 5036,
    "index": 29
  },
  {
    "name": "Require(25) node_modules/egg-logrotator/app/extend/application.js",
    "start": 1640855433491,
    "end": 1640855433494,
    "duration": 3,
    "pid": 5036,
    "index": 30
  },
  {
    "name": "Require(26) node_modules/egg-view/app/extend/application.js",
    "start": 1640855433496,
    "end": 1640855433499,
    "duration": 3,
    "pid": 5036,
    "index": 31
  },
  {
    "name": "Load extend/request.js",
    "start": 1640855433512,
    "end": 1640855433535,
    "duration": 23,
    "pid": 5036,
    "index": 32
  },
  {
    "name": "Require(27) node_modules/egg/app/extend/request.js",
    "start": 1640855433524,
    "end": 1640855433525,
    "duration": 1,
    "pid": 5036,
    "index": 33
  },
  {
    "name": "Load extend/response.js",
    "start": 1640855433535,
    "end": 1640855433557,
    "duration": 22,
    "pid": 5036,
    "index": 34
  },
  {
    "name": "Require(28) node_modules/egg/app/extend/response.js",
    "start": 1640855433545,
    "end": 1640855433547,
    "duration": 2,
    "pid": 5036,
    "index": 35
  },
  {
    "name": "Load extend/context.js",
    "start": 1640855433557,
    "end": 1640855433704,
    "duration": 147,
    "pid": 5036,
    "index": 36
  },
  {
    "name": "Require(29) node_modules/egg-security/app/extend/context.js",
    "start": 1640855433560,
    "end": 1640855433581,
    "duration": 21,
    "pid": 5036,
    "index": 37
  },
  {
    "name": "Require(30) node_modules/egg-jsonp/app/extend/context.js",
    "start": 1640855433582,
    "end": 1640855433585,
    "duration": 3,
    "pid": 5036,
    "index": 38
  },
  {
    "name": "Require(31) node_modules/egg-i18n/app/extend/context.js",
    "start": 1640855433586,
    "end": 1640855433587,
    "duration": 1,
    "pid": 5036,
    "index": 39
  },
  {
    "name": "Require(32) node_modules/egg-multipart/app/extend/context.js",
    "start": 1640855433590,
    "end": 1640855433684,
    "duration": 94,
    "pid": 5036,
    "index": 40
  },
  {
    "name": "Require(33) node_modules/egg-view/app/extend/context.js",
    "start": 1640855433686,
    "end": 1640855433688,
    "duration": 2,
    "pid": 5036,
    "index": 41
  },
  {
    "name": "Require(34) node_modules/egg-validate/app/extend/context.js",
    "start": 1640855433689,
    "end": 1640855433690,
    "duration": 1,
    "pid": 5036,
    "index": 42
  },
  {
    "name": "Require(35) node_modules/egg/app/extend/context.js",
    "start": 1640855433691,
    "end": 1640855433692,
    "duration": 1,
    "pid": 5036,
    "index": 43
  },
  {
    "name": "Require(36) app/extend/context.js",
    "start": 1640855433693,
    "end": 1640855433694,
    "duration": 1,
    "pid": 5036,
    "index": 44
  },
  {
    "name": "Load extend/helper.js",
    "start": 1640855433704,
    "end": 1640855433797,
    "duration": 93,
    "pid": 5036,
    "index": 45
  },
  {
    "name": "Require(37) node_modules/egg-security/app/extend/helper.js",
    "start": 1640855433706,
    "end": 1640855433739,
    "duration": 33,
    "pid": 5036,
    "index": 46
  },
  {
    "name": "Require(38) node_modules/egg/app/extend/helper.js",
    "start": 1640855433748,
    "end": 1640855433748,
    "duration": 0,
    "pid": 5036,
    "index": 47
  },
  {
    "name": "Require(39) app/extend/helper.js",
    "start": 1640855433749,
    "end": 1640855433787,
    "duration": 38,
    "pid": 5036,
    "index": 48
  },
  {
    "name": "Load app.js",
    "start": 1640855433797,
    "end": 1640855433889,
    "duration": 92,
    "pid": 5036,
    "index": 49
  },
  {
    "name": "Require(40) node_modules/egg-session/app.js",
    "start": 1640855433798,
    "end": 1640855433799,
    "duration": 1,
    "pid": 5036,
    "index": 50
  },
  {
    "name": "Require(41) node_modules/egg-security/app.js",
    "start": 1640855433800,
    "end": 1640855433803,
    "duration": 3,
    "pid": 5036,
    "index": 51
  },
  {
    "name": "Require(42) node_modules/egg-onerror/app.js",
    "start": 1640855433805,
    "end": 1640855433820,
    "duration": 15,
    "pid": 5036,
    "index": 52
  },
  {
    "name": "Require(43) node_modules/egg-i18n/app.js",
    "start": 1640855433821,
    "end": 1640855433854,
    "duration": 33,
    "pid": 5036,
    "index": 53
  },
  {
    "name": "Require(44) node_modules/egg-watcher/app.js",
    "start": 1640855433855,
    "end": 1640855433865,
    "duration": 10,
    "pid": 5036,
    "index": 54
  },
  {
    "name": "Require(45) node_modules/egg-schedule/app.js",
    "start": 1640855433866,
    "end": 1640855433869,
    "duration": 3,
    "pid": 5036,
    "index": 55
  },
  {
    "name": "Require(46) node_modules/egg-multipart/app.js",
    "start": 1640855433870,
    "end": 1640855433871,
    "duration": 1,
    "pid": 5036,
    "index": 56
  },
  {
    "name": "Require(47) node_modules/egg-development/app.js",
    "start": 1640855433871,
    "end": 1640855433872,
    "duration": 1,
    "pid": 5036,
    "index": 57
  },
  {
    "name": "Require(48) node_modules/egg-logrotator/app.js",
    "start": 1640855433873,
    "end": 1640855433873,
    "duration": 0,
    "pid": 5036,
    "index": 58
  },
  {
    "name": "Require(49) node_modules/egg-static/app.js",
    "start": 1640855433874,
    "end": 1640855433874,
    "duration": 0,
    "pid": 5036,
    "index": 59
  },
  {
    "name": "Require(50) node_modules/egg-sequelize/app.js",
    "start": 1640855433876,
    "end": 1640855433876,
    "duration": 0,
    "pid": 5036,
    "index": 60
  },
  {
    "name": "Require(51) node_modules/egg-validate/app.js",
    "start": 1640855433877,
    "end": 1640855433880,
    "duration": 3,
    "pid": 5036,
    "index": 61
  },
  {
    "name": "Require(52) node_modules/egg-cors/app.js",
    "start": 1640855433881,
    "end": 1640855433882,
    "duration": 1,
    "pid": 5036,
    "index": 62
  },
  {
    "name": "Before Start in node_modules/egg-watcher/lib/init.js:15:14",
    "start": 1640855433944,
    "end": 1640855435134,
    "duration": 1190,
    "pid": 5036,
    "index": 63
  },
  {
    "name": "Load \"Symbol(model)\" to Application",
    "start": 1640855434684,
    "end": 1640855434719,
    "duration": 35,
    "pid": 5036,
    "index": 64
  },
  {
    "name": "Before Start in node_modules/egg-sequelize/lib/loader.js:39:7",
    "start": 1640855434722,
    "end": 1640855435152,
    "duration": 430,
    "pid": 5036,
    "index": 65
  },
  {
    "name": "Load Service",
    "start": 1640855434723,
    "end": 1640855434742,
    "duration": 19,
    "pid": 5036,
    "index": 66
  },
  {
    "name": "Load \"service\" to Context",
    "start": 1640855434723,
    "end": 1640855434742,
    "duration": 19,
    "pid": 5036,
    "index": 67
  },
  {
    "name": "Load Middleware",
    "start": 1640855434742,
    "end": 1640855434952,
    "duration": 210,
    "pid": 5036,
    "index": 68
  },
  {
    "name": "Load \"middlewares\" to Application",
    "start": 1640855434742,
    "end": 1640855434931,
    "duration": 189,
    "pid": 5036,
    "index": 69
  },
  {
    "name": "Load Controller",
    "start": 1640855434953,
    "end": 1640855435052,
    "duration": 99,
    "pid": 5036,
    "index": 70
  },
  {
    "name": "Load \"controller\" to Application",
    "start": 1640855434953,
    "end": 1640855435052,
    "duration": 99,
    "pid": 5036,
    "index": 71
  },
  {
    "name": "Load Router",
    "start": 1640855435053,
    "end": 1640855435064,
    "duration": 11,
    "pid": 5036,
    "index": 72
  },
  {
    "name": "Require(53) app/router.js",
    "start": 1640855435053,
    "end": 1640855435054,
    "duration": 1,
    "pid": 5036,
    "index": 73
  },
  {
    "name": "Before Start in node_modules/egg-core/lib/egg.js:303:10",
    "start": 1640855435055,
    "end": 1640855435092,
    "duration": 37,
    "pid": 5036,
    "index": 74
  }
]