[
  {
    "name": "Process Start",
    "start": 1640855403459,
    "end": 1640855405294,
    "duration": 1835,
    "pid": 3060,
    "index": 0
  },
  {
    "name": "Application Start",
    "start": 1640855405295,
    "end": 1640855407048,
    "duration": 1753,
    "pid": 3060,
    "index": 1
  },
  {
    "name": "Load Plugin",
    "start": 1640855405305,
    "end": 1640855405344,
    "duration": 39,
    "pid": 3060,
    "index": 2
  },
  {
    "name": "Load Config",
    "start": 1640855405344,
    "end": 1640855405384,
    "duration": 40,
    "pid": 3060,
    "index": 3
  },
  {
    "name": "Require(0) config/config.default.js",
    "start": 1640855405345,
    "end": 1640855405346,
    "duration": 1,
    "pid": 3060,
    "index": 4
  },
  {
    "name": "Require(1) node_modules/egg-session/config/config.default.js",
    "start": 1640855405348,
    "end": 1640855405349,
    "duration": 1,
    "pid": 3060,
    "index": 5
  },
  {
    "name": "Require(2) node_modules/egg-security/config/config.default.js",
    "start": 1640855405350,
    "end": 1640855405350,
    "duration": 0,
    "pid": 3060,
    "index": 6
  },
  {
    "name": "Require(3) node_modules/egg-jsonp/config/config.default.js",
    "start": 1640855405352,
    "end": 1640855405353,
    "duration": 1,
    "pid": 3060,
    "index": 7
  },
  {
    "name": "Require(4) node_modules/egg-onerror/config/config.default.js",
    "start": 1640855405354,
    "end": 1640855405354,
    "duration": 0,
    "pid": 3060,
    "index": 8
  },
  {
    "name": "Require(5) node_modules/egg-i18n/config/config.default.js",
    "start": 1640855405355,
    "end": 1640855405356,
    "duration": 1,
    "pid": 3060,
    "index": 9
  },
  {
    "name": "Require(6) node_modules/egg-watcher/config/config.default.js",
    "start": 1640855405357,
    "end": 1640855405357,
    "duration": 0,
    "pid": 3060,
    "index": 10
  },
  {
    "name": "Require(7) node_modules/egg-schedule/config/config.default.js",
    "start": 1640855405358,
    "end": 1640855405358,
    "duration": 0,
    "pid": 3060,
    "index": 11
  },
  {
    "name": "Require(8) node_modules/egg-multipart/config/config.default.js",
    "start": 1640855405359,
    "end": 1640855405360,
    "duration": 1,
    "pid": 3060,
    "index": 12
  },
  {
    "name": "Require(9) node_modules/egg-development/config/config.default.js",
    "start": 1640855405361,
    "end": 1640855405361,
    "duration": 0,
    "pid": 3060,
    "index": 13
  },
  {
    "name": "Require(10) node_modules/egg-logrotator/config/config.default.js",
    "start": 1640855405362,
    "end": 1640855405363,
    "duration": 1,
    "pid": 3060,
    "index": 14
  },
  {
    "name": "Require(11) node_modules/egg-static/config/config.default.js",
    "start": 1640855405364,
    "end": 1640855405364,
    "duration": 0,
    "pid": 3060,
    "index": 15
  },
  {
    "name": "Require(12) node_modules/egg-view/config/config.default.js",
    "start": 1640855405365,
    "end": 1640855405366,
    "duration": 1,
    "pid": 3060,
    "index": 16
  },
  {
    "name": "Require(13) node_modules/egg-sequelize/config/config.default.js",
    "start": 1640855405367,
    "end": 1640855405368,
    "duration": 1,
    "pid": 3060,
    "index": 17
  },
  {
    "name": "Require(14) node_modules/egg-validate/config/config.default.js",
    "start": 1640855405369,
    "end": 1640855405370,
    "duration": 1,
    "pid": 3060,
    "index": 18
  },
  {
    "name": "Require(15) node_modules/egg-cors/config/config.default.js",
    "start": 1640855405370,
    "end": 1640855405371,
    "duration": 1,
    "pid": 3060,
    "index": 19
  },
  {
    "name": "Require(16) node_modules/egg/config/config.default.js",
    "start": 1640855405372,
    "end": 1640855405373,
    "duration": 1,
    "pid": 3060,
    "index": 20
  },
  {
    "name": "Require(17) config/config.default.js",
    "start": 1640855405376,
    "end": 1640855405376,
    "duration": 0,
    "pid": 3060,
    "index": 21
  },
  {
    "name": "Require(18) node_modules/egg-security/config/config.local.js",
    "start": 1640855405377,
    "end": 1640855405378,
    "duration": 1,
    "pid": 3060,
    "index": 22
  },
  {
    "name": "Require(19) node_modules/egg-watcher/config/config.local.js",
    "start": 1640855405379,
    "end": 1640855405380,
    "duration": 1,
    "pid": 3060,
    "index": 23
  },
  {
    "name": "Require(20) node_modules/egg-view/config/config.local.js",
    "start": 1640855405382,
    "end": 1640855405382,
    "duration": 0,
    "pid": 3060,
    "index": 24
  },
  {
    "name": "Require(21) node_modules/egg/config/config.local.js",
    "start": 1640855405384,
    "end": 1640855405384,
    "duration": 0,
    "pid": 3060,
    "index": 25
  },
  {
    "name": "Load extend/application.js",
    "start": 1640855405386,
    "end": 1640855405408,
    "duration": 22,
    "pid": 3060,
    "index": 26
  },
  {
    "name": "Require(22) node_modules/egg-session/app/extend/application.js",
    "start": 1640855405386,
    "end": 1640855405387,
    "duration": 1,
    "pid": 3060,
    "index": 27
  },
  {
    "name": "Require(23) node_modules/egg-security/app/extend/application.js",
    "start": 1640855405388,
    "end": 1640855405389,
    "duration": 1,
    "pid": 3060,
    "index": 28
  },
  {
    "name": "Require(24) node_modules/egg-jsonp/app/extend/application.js",
    "start": 1640855405390,
    "end": 1640855405392,
    "duration": 2,
    "pid": 3060,
    "index": 29
  },
  {
    "name": "Require(25) node_modules/egg-logrotator/app/extend/application.js",
    "start": 1640855405395,
    "end": 1640855405398,
    "duration": 3,
    "pid": 3060,
    "index": 30
  },
  {
    "name": "Require(26) node_modules/egg-view/app/extend/application.js",
    "start": 1640855405399,
    "end": 1640855405401,
    "duration": 2,
    "pid": 3060,
    "index": 31
  },
  {
    "name": "Load extend/request.js",
    "start": 1640855405408,
    "end": 1640855405422,
    "duration": 14,
    "pid": 3060,
    "index": 32
  },
  {
    "name": "Require(27) node_modules/egg/app/extend/request.js",
    "start": 1640855405414,
    "end": 1640855405416,
    "duration": 2,
    "pid": 3060,
    "index": 33
  },
  {
    "name": "Load extend/response.js",
    "start": 1640855405422,
    "end": 1640855405435,
    "duration": 13,
    "pid": 3060,
    "index": 34
  },
  {
    "name": "Require(28) node_modules/egg/app/extend/response.js",
    "start": 1640855405427,
    "end": 1640855405429,
    "duration": 2,
    "pid": 3060,
    "index": 35
  },
  {
    "name": "Load extend/context.js",
    "start": 1640855405435,
    "end": 1640855405554,
    "duration": 119,
    "pid": 3060,
    "index": 36
  },
  {
    "name": "Require(29) node_modules/egg-security/app/extend/context.js",
    "start": 1640855405436,
    "end": 1640855405449,
    "duration": 13,
    "pid": 3060,
    "index": 37
  },
  {
    "name": "Require(30) node_modules/egg-jsonp/app/extend/context.js",
    "start": 1640855405449,
    "end": 1640855405451,
    "duration": 2,
    "pid": 3060,
    "index": 38
  },
  {
    "name": "Require(31) node_modules/egg-i18n/app/extend/context.js",
    "start": 1640855405452,
    "end": 1640855405453,
    "duration": 1,
    "pid": 3060,
    "index": 39
  },
  {
    "name": "Require(32) node_modules/egg-multipart/app/extend/context.js",
    "start": 1640855405454,
    "end": 1640855405539,
    "duration": 85,
    "pid": 3060,
    "index": 40
  },
  {
    "name": "Require(33) node_modules/egg-view/app/extend/context.js",
    "start": 1640855405541,
    "end": 1640855405543,
    "duration": 2,
    "pid": 3060,
    "index": 41
  },
  {
    "name": "Require(34) node_modules/egg-validate/app/extend/context.js",
    "start": 1640855405544,
    "end": 1640855405545,
    "duration": 1,
    "pid": 3060,
    "index": 42
  },
  {
    "name": "Require(35) node_modules/egg/app/extend/context.js",
    "start": 1640855405546,
    "end": 1640855405547,
    "duration": 1,
    "pid": 3060,
    "index": 43
  },
  {
    "name": "Require(36) app/extend/context.js",
    "start": 1640855405548,
    "end": 1640855405548,
    "duration": 0,
    "pid": 3060,
    "index": 44
  },
  {
    "name": "Load extend/helper.js",
    "start": 1640855405554,
    "end": 1640855405642,
    "duration": 88,
    "pid": 3060,
    "index": 45
  },
  {
    "name": "Require(37) node_modules/egg-security/app/extend/helper.js",
    "start": 1640855405556,
    "end": 1640855405581,
    "duration": 25,
    "pid": 3060,
    "index": 46
  },
  {
    "name": "Require(38) node_modules/egg/app/extend/helper.js",
    "start": 1640855405586,
    "end": 1640855405587,
    "duration": 1,
    "pid": 3060,
    "index": 47
  },
  {
    "name": "Require(39) app/extend/helper.js",
    "start": 1640855405588,
    "end": 1640855405636,
    "duration": 48,
    "pid": 3060,
    "index": 48
  },
  {
    "name": "Load app.js",
    "start": 1640855405642,
    "end": 1640855405704,
    "duration": 62,
    "pid": 3060,
    "index": 49
  },
  {
    "name": "Require(40) node_modules/egg-session/app.js",
    "start": 1640855405643,
    "end": 1640855405643,
    "duration": 0,
    "pid": 3060,
    "index": 50
  },
  {
    "name": "Require(41) node_modules/egg-security/app.js",
    "start": 1640855405643,
    "end": 1640855405645,
    "duration": 2,
    "pid": 3060,
    "index": 51
  },
  {
    "name": "Require(42) node_modules/egg-onerror/app.js",
    "start": 1640855405646,
    "end": 1640855405657,
    "duration": 11,
    "pid": 3060,
    "index": 52
  },
  {
    "name": "Require(43) node_modules/egg-i18n/app.js",
    "start": 1640855405657,
    "end": 1640855405684,
    "duration": 27,
    "pid": 3060,
    "index": 53
  },
  {
    "name": "Require(44) node_modules/egg-watcher/app.js",
    "start": 1640855405684,
    "end": 1640855405689,
    "duration": 5,
    "pid": 3060,
    "index": 54
  },
  {
    "name": "Require(45) node_modules/egg-schedule/app.js",
    "start": 1640855405690,
    "end": 1640855405693,
    "duration": 3,
    "pid": 3060,
    "index": 55
  },
  {
    "name": "Require(46) node_modules/egg-multipart/app.js",
    "start": 1640855405693,
    "end": 1640855405694,
    "duration": 1,
    "pid": 3060,
    "index": 56
  },
  {
    "name": "Require(47) node_modules/egg-development/app.js",
    "start": 1640855405695,
    "end": 1640855405695,
    "duration": 0,
    "pid": 3060,
    "index": 57
  },
  {
    "name": "Require(48) node_modules/egg-logrotator/app.js",
    "start": 1640855405696,
    "end": 1640855405696,
    "duration": 0,
    "pid": 3060,
    "index": 58
  },
  {
    "name": "Require(49) node_modules/egg-static/app.js",
    "start": 1640855405697,
    "end": 1640855405697,
    "duration": 0,
    "pid": 3060,
    "index": 59
  },
  {
    "name": "Require(50) node_modules/egg-sequelize/app.js",
    "start": 1640855405699,
    "end": 1640855405699,
    "duration": 0,
    "pid": 3060,
    "index": 60
  },
  {
    "name": "Require(51) node_modules/egg-validate/app.js",
    "start": 1640855405699,
    "end": 1640855405702,
    "duration": 3,
    "pid": 3060,
    "index": 61
  },
  {
    "name": "Require(52) node_modules/egg-cors/app.js",
    "start": 1640855405702,
    "end": 1640855405702,
    "duration": 0,
    "pid": 3060,
    "index": 62
  },
  {
    "name": "Before Start in node_modules/egg-watcher/lib/init.js:15:14",
    "start": 1640855405731,
    "end": 1640855406936,
    "duration": 1205,
    "pid": 3060,
    "index": 63
  },
  {
    "name": "Load \"Symbol(model)\" to Application",
    "start": 1640855406380,
    "end": 1640855406434,
    "duration": 54,
    "pid": 3060,
    "index": 64
  },
  {
    "name": "Before Start in node_modules/egg-sequelize/lib/loader.js:39:7",
    "start": 1640855406440,
    "end": 1640855407047,
    "duration": 607,
    "pid": 3060,
    "index": 65
  },
  {
    "name": "Load Service",
    "start": 1640855406441,
    "end": 1640855406474,
    "duration": 33,
    "pid": 3060,
    "index": 66
  },
  {
    "name": "Load \"service\" to Context",
    "start": 1640855406441,
    "end": 1640855406474,
    "duration": 33,
    "pid": 3060,
    "index": 67
  },
  {
    "name": "Load Middleware",
    "start": 1640855406474,
    "end": 1640855406759,
    "duration": 285,
    "pid": 3060,
    "index": 68
  },
  {
    "name": "Load \"middlewares\" to Application",
    "start": 1640855406474,
    "end": 1640855406731,
    "duration": 257,
    "pid": 3060,
    "index": 69
  },
  {
    "name": "Load Controller",
    "start": 1640855406759,
    "end": 1640855406834,
    "duration": 75,
    "pid": 3060,
    "index": 70
  },
  {
    "name": "Load \"controller\" to Application",
    "start": 1640855406759,
    "end": 1640855406834,
    "duration": 75,
    "pid": 3060,
    "index": 71
  },
  {
    "name": "Load Router",
    "start": 1640855406834,
    "end": 1640855406847,
    "duration": 13,
    "pid": 3060,
    "index": 72
  },
  {
    "name": "Require(53) app/router.js",
    "start": 1640855406835,
    "end": 1640855406836,
    "duration": 1,
    "pid": 3060,
    "index": 73
  },
  {
    "name": "Before Start in node_modules/egg-core/lib/egg.js:303:10",
    "start": 1640855406836,
    "end": 1640855406910,
    "duration": 74,
    "pid": 3060,
    "index": 74
  }
]