[
  {
    "name": "Process Start",
    "start": 1640857215711,
    "end": 1640857219282,
    "duration": 3571,
    "pid": 7560,
    "index": 0
  },
  {
    "name": "Application Start",
    "start": 1640857219285,
    "end": 1640857221918,
    "duration": 2633,
    "pid": 7560,
    "index": 1
  },
  {
    "name": "Load Plugin",
    "start": 1640857219301,
    "end": 1640857219414,
    "duration": 113,
    "pid": 7560,
    "index": 2
  },
  {
    "name": "Load Config",
    "start": 1640857219414,
    "end": 1640857219520,
    "duration": 106,
    "pid": 7560,
    "index": 3
  },
  {
    "name": "Require(0) config/config.default.js",
    "start": 1640857219416,
    "end": 1640857219418,
    "duration": 2,
    "pid": 7560,
    "index": 4
  },
  {
    "name": "Require(1) node_modules/egg-session/config/config.default.js",
    "start": 1640857219424,
    "end": 1640857219427,
    "duration": 3,
    "pid": 7560,
    "index": 5
  },
  {
    "name": "Require(2) node_modules/egg-security/config/config.default.js",
    "start": 1640857219429,
    "end": 1640857219431,
    "duration": 2,
    "pid": 7560,
    "index": 6
  },
  {
    "name": "Require(3) node_modules/egg-jsonp/config/config.default.js",
    "start": 1640857219435,
    "end": 1640857219437,
    "duration": 2,
    "pid": 7560,
    "index": 7
  },
  {
    "name": "Require(4) node_modules/egg-onerror/config/config.default.js",
    "start": 1640857219440,
    "end": 1640857219442,
    "duration": 2,
    "pid": 7560,
    "index": 8
  },
  {
    "name": "Require(5) node_modules/egg-i18n/config/config.default.js",
    "start": 1640857219444,
    "end": 1640857219446,
    "duration": 2,
    "pid": 7560,
    "index": 9
  },
  {
    "name": "Require(6) node_modules/egg-watcher/config/config.default.js",
    "start": 1640857219448,
    "end": 1640857219450,
    "duration": 2,
    "pid": 7560,
    "index": 10
  },
  {
    "name": "Require(7) node_modules/egg-schedule/config/config.default.js",
    "start": 1640857219451,
    "end": 1640857219453,
    "duration": 2,
    "pid": 7560,
    "index": 11
  },
  {
    "name": "Require(8) node_modules/egg-multipart/config/config.default.js",
    "start": 1640857219454,
    "end": 1640857219456,
    "duration": 2,
    "pid": 7560,
    "index": 12
  },
  {
    "name": "Require(9) node_modules/egg-development/config/config.default.js",
    "start": 1640857219458,
    "end": 1640857219460,
    "duration": 2,
    "pid": 7560,
    "index": 13
  },
  {
    "name": "Require(10) node_modules/egg-logrotator/config/config.default.js",
    "start": 1640857219462,
    "end": 1640857219463,
    "duration": 1,
    "pid": 7560,
    "index": 14
  },
  {
    "name": "Require(11) node_modules/egg-static/config/config.default.js",
    "start": 1640857219465,
    "end": 1640857219467,
    "duration": 2,
    "pid": 7560,
    "index": 15
  },
  {
    "name": "Require(12) node_modules/egg-view/config/config.default.js",
    "start": 1640857219470,
    "end": 1640857219472,
    "duration": 2,
    "pid": 7560,
    "index": 16
  },
  {
    "name": "Require(13) node_modules/egg-sequelize/config/config.default.js",
    "start": 1640857219475,
    "end": 1640857219477,
    "duration": 2,
    "pid": 7560,
    "index": 17
  },
  {
    "name": "Require(14) node_modules/egg-validate/config/config.default.js",
    "start": 1640857219479,
    "end": 1640857219481,
    "duration": 2,
    "pid": 7560,
    "index": 18
  },
  {
    "name": "Require(15) node_modules/egg-cors/config/config.default.js",
    "start": 1640857219484,
    "end": 1640857219486,
    "duration": 2,
    "pid": 7560,
    "index": 19
  },
  {
    "name": "Require(16) node_modules/egg/config/config.default.js",
    "start": 1640857219487,
    "end": 1640857219489,
    "duration": 2,
    "pid": 7560,
    "index": 20
  },
  {
    "name": "Require(17) config/config.default.js",
    "start": 1640857219494,
    "end": 1640857219494,
    "duration": 0,
    "pid": 7560,
    "index": 21
  },
  {
    "name": "Require(18) node_modules/egg-security/config/config.local.js",
    "start": 1640857219497,
    "end": 1640857219498,
    "duration": 1,
    "pid": 7560,
    "index": 22
  },
  {
    "name": "Require(19) node_modules/egg-watcher/config/config.local.js",
    "start": 1640857219503,
    "end": 1640857219504,
    "duration": 1,
    "pid": 7560,
    "index": 23
  },
  {
    "name": "Require(20) node_modules/egg-view/config/config.local.js",
    "start": 1640857219512,
    "end": 1640857219513,
    "duration": 1,
    "pid": 7560,
    "index": 24
  },
  {
    "name": "Require(21) node_modules/egg/config/config.local.js",
    "start": 1640857219518,
    "end": 1640857219519,
    "duration": 1,
    "pid": 7560,
    "index": 25
  },
  {
    "name": "Load extend/application.js",
    "start": 1640857219523,
    "end": 1640857219587,
    "duration": 64,
    "pid": 7560,
    "index": 26
  },
  {
    "name": "Require(22) node_modules/egg-session/app/extend/application.js",
    "start": 1640857219525,
    "end": 1640857219527,
    "duration": 2,
    "pid": 7560,
    "index": 27
  },
  {
    "name": "Require(23) node_modules/egg-security/app/extend/application.js",
    "start": 1640857219529,
    "end": 1640857219535,
    "duration": 6,
    "pid": 7560,
    "index": 28
  },
  {
    "name": "Require(24) node_modules/egg-jsonp/app/extend/application.js",
    "start": 1640857219537,
    "end": 1640857219543,
    "duration": 6,
    "pid": 7560,
    "index": 29
  },
  {
    "name": "Require(25) node_modules/egg-logrotator/app/extend/application.js",
    "start": 1640857219551,
    "end": 1640857219557,
    "duration": 6,
    "pid": 7560,
    "index": 30
  },
  {
    "name": "Require(26) node_modules/egg-view/app/extend/application.js",
    "start": 1640857219559,
    "end": 1640857219565,
    "duration": 6,
    "pid": 7560,
    "index": 31
  },
  {
    "name": "Load extend/request.js",
    "start": 1640857219587,
    "end": 1640857219627,
    "duration": 40,
    "pid": 7560,
    "index": 32
  },
  {
    "name": "Require(27) node_modules/egg/app/extend/request.js",
    "start": 1640857219606,
    "end": 1640857219608,
    "duration": 2,
    "pid": 7560,
    "index": 33
  },
  {
    "name": "Load extend/response.js",
    "start": 1640857219627,
    "end": 1640857219668,
    "duration": 41,
    "pid": 7560,
    "index": 34
  },
  {
    "name": "Require(28) node_modules/egg/app/extend/response.js",
    "start": 1640857219645,
    "end": 1640857219651,
    "duration": 6,
    "pid": 7560,
    "index": 35
  },
  {
    "name": "Load extend/context.js",
    "start": 1640857219668,
    "end": 1640857219918,
    "duration": 250,
    "pid": 7560,
    "index": 36
  },
  {
    "name": "Require(29) node_modules/egg-security/app/extend/context.js",
    "start": 1640857219672,
    "end": 1640857219708,
    "duration": 36,
    "pid": 7560,
    "index": 37
  },
  {
    "name": "Require(30) node_modules/egg-jsonp/app/extend/context.js",
    "start": 1640857219709,
    "end": 1640857219713,
    "duration": 4,
    "pid": 7560,
    "index": 38
  },
  {
    "name": "Require(31) node_modules/egg-i18n/app/extend/context.js",
    "start": 1640857219716,
    "end": 1640857219717,
    "duration": 1,
    "pid": 7560,
    "index": 39
  },
  {
    "name": "Require(32) node_modules/egg-multipart/app/extend/context.js",
    "start": 1640857219723,
    "end": 1640857219886,
    "duration": 163,
    "pid": 7560,
    "index": 40
  },
  {
    "name": "Require(33) node_modules/egg-view/app/extend/context.js",
    "start": 1640857219890,
    "end": 1640857219893,
    "duration": 3,
    "pid": 7560,
    "index": 41
  },
  {
    "name": "Require(34) node_modules/egg-validate/app/extend/context.js",
    "start": 1640857219896,
    "end": 1640857219897,
    "duration": 1,
    "pid": 7560,
    "index": 42
  },
  {
    "name": "Require(35) node_modules/egg/app/extend/context.js",
    "start": 1640857219899,
    "end": 1640857219901,
    "duration": 2,
    "pid": 7560,
    "index": 43
  },
  {
    "name": "Require(36) app/extend/context.js",
    "start": 1640857219902,
    "end": 1640857219904,
    "duration": 2,
    "pid": 7560,
    "index": 44
  },
  {
    "name": "Load extend/helper.js",
    "start": 1640857219918,
    "end": 1640857220059,
    "duration": 141,
    "pid": 7560,
    "index": 45
  },
  {
    "name": "Require(37) node_modules/egg-security/app/extend/helper.js",
    "start": 1640857219921,
    "end": 1640857219972,
    "duration": 51,
    "pid": 7560,
    "index": 46
  },
  {
    "name": "Require(38) node_modules/egg/app/extend/helper.js",
    "start": 1640857219984,
    "end": 1640857219984,
    "duration": 0,
    "pid": 7560,
    "index": 47
  },
  {
    "name": "Require(39) app/extend/helper.js",
    "start": 1640857219985,
    "end": 1640857220047,
    "duration": 62,
    "pid": 7560,
    "index": 48
  },
  {
    "name": "Load app.js",
    "start": 1640857220059,
    "end": 1640857220191,
    "duration": 132,
    "pid": 7560,
    "index": 49
  },
  {
    "name": "Require(40) node_modules/egg-session/app.js",
    "start": 1640857220060,
    "end": 1640857220061,
    "duration": 1,
    "pid": 7560,
    "index": 50
  },
  {
    "name": "Require(41) node_modules/egg-security/app.js",
    "start": 1640857220062,
    "end": 1640857220066,
    "duration": 4,
    "pid": 7560,
    "index": 51
  },
  {
    "name": "Require(42) node_modules/egg-onerror/app.js",
    "start": 1640857220069,
    "end": 1640857220095,
    "duration": 26,
    "pid": 7560,
    "index": 52
  },
  {
    "name": "Require(43) node_modules/egg-i18n/app.js",
    "start": 1640857220097,
    "end": 1640857220146,
    "duration": 49,
    "pid": 7560,
    "index": 53
  },
  {
    "name": "Require(44) node_modules/egg-watcher/app.js",
    "start": 1640857220147,
    "end": 1640857220156,
    "duration": 9,
    "pid": 7560,
    "index": 54
  },
  {
    "name": "Require(45) node_modules/egg-schedule/app.js",
    "start": 1640857220157,
    "end": 1640857220160,
    "duration": 3,
    "pid": 7560,
    "index": 55
  },
  {
    "name": "Require(46) node_modules/egg-multipart/app.js",
    "start": 1640857220161,
    "end": 1640857220162,
    "duration": 1,
    "pid": 7560,
    "index": 56
  },
  {
    "name": "Require(47) node_modules/egg-development/app.js",
    "start": 1640857220164,
    "end": 1640857220164,
    "duration": 0,
    "pid": 7560,
    "index": 57
  },
  {
    "name": "Require(48) node_modules/egg-logrotator/app.js",
    "start": 1640857220165,
    "end": 1640857220166,
    "duration": 1,
    "pid": 7560,
    "index": 58
  },
  {
    "name": "Require(49) node_modules/egg-static/app.js",
    "start": 1640857220166,
    "end": 1640857220167,
    "duration": 1,
    "pid": 7560,
    "index": 59
  },
  {
    "name": "Require(50) node_modules/egg-sequelize/app.js",
    "start": 1640857220169,
    "end": 1640857220169,
    "duration": 0,
    "pid": 7560,
    "index": 60
  },
  {
    "name": "Require(51) node_modules/egg-validate/app.js",
    "start": 1640857220171,
    "end": 1640857220177,
    "duration": 6,
    "pid": 7560,
    "index": 61
  },
  {
    "name": "Require(52) node_modules/egg-cors/app.js",
    "start": 1640857220184,
    "end": 1640857220187,
    "duration": 3,
    "pid": 7560,
    "index": 62
  },
  {
    "name": "Before Start in node_modules/egg-watcher/lib/init.js:15:14",
    "start": 1640857220227,
    "end": 1640857221900,
    "duration": 1673,
    "pid": 7560,
    "index": 63
  },
  {
    "name": "Load \"Symbol(model)\" to Application",
    "start": 1640857221416,
    "end": 1640857221474,
    "duration": 58,
    "pid": 7560,
    "index": 64
  },
  {
    "name": "Before Start in node_modules/egg-sequelize/lib/loader.js:39:7",
    "start": 1640857221479,
    "end": 1640857221917,
    "duration": 438,
    "pid": 7560,
    "index": 65
  },
  {
    "name": "Load Service",
    "start": 1640857221480,
    "end": 1640857221515,
    "duration": 35,
    "pid": 7560,
    "index": 66
  },
  {
    "name": "Load \"service\" to Context",
    "start": 1640857221480,
    "end": 1640857221515,
    "duration": 35,
    "pid": 7560,
    "index": 67
  },
  {
    "name": "Load Middleware",
    "start": 1640857221515,
    "end": 1640857221738,
    "duration": 223,
    "pid": 7560,
    "index": 68
  },
  {
    "name": "Load \"middlewares\" to Application",
    "start": 1640857221515,
    "end": 1640857221716,
    "duration": 201,
    "pid": 7560,
    "index": 69
  },
  {
    "name": "Load Controller",
    "start": 1640857221738,
    "end": 1640857221819,
    "duration": 81,
    "pid": 7560,
    "index": 70
  },
  {
    "name": "Load \"controller\" to Application",
    "start": 1640857221738,
    "end": 1640857221819,
    "duration": 81,
    "pid": 7560,
    "index": 71
  },
  {
    "name": "Load Router",
    "start": 1640857221819,
    "end": 1640857221830,
    "duration": 11,
    "pid": 7560,
    "index": 72
  },
  {
    "name": "Require(53) app/router.js",
    "start": 1640857221820,
    "end": 1640857221821,
    "duration": 1,
    "pid": 7560,
    "index": 73
  },
  {
    "name": "Before Start in node_modules/egg-core/lib/egg.js:303:10",
    "start": 1640857221821,
    "end": 1640857221856,
    "duration": 35,
    "pid": 7560,
    "index": 74
  }
]