[
  {
    "name": "Process Start",
    "start": 1640862095051,
    "end": 1640862097818,
    "duration": 2767,
    "pid": 7596,
    "index": 0
  },
  {
    "name": "Application Start",
    "start": 1640862097820,
    "end": 1640862100556,
    "duration": 2736,
    "pid": 7596,
    "index": 1
  },
  {
    "name": "Load Plugin",
    "start": 1640862097833,
    "end": 1640862097916,
    "duration": 83,
    "pid": 7596,
    "index": 2
  },
  {
    "name": "Load Config",
    "start": 1640862097916,
    "end": 1640862097989,
    "duration": 73,
    "pid": 7596,
    "index": 3
  },
  {
    "name": "Require(0) config/config.default.js",
    "start": 1640862097918,
    "end": 1640862097918,
    "duration": 0,
    "pid": 7596,
    "index": 4
  },
  {
    "name": "Require(1) node_modules/egg-session/config/config.default.js",
    "start": 1640862097925,
    "end": 1640862097926,
    "duration": 1,
    "pid": 7596,
    "index": 5
  },
  {
    "name": "Require(2) node_modules/egg-security/config/config.default.js",
    "start": 1640862097928,
    "end": 1640862097929,
    "duration": 1,
    "pid": 7596,
    "index": 6
  },
  {
    "name": "Require(3) node_modules/egg-jsonp/config/config.default.js",
    "start": 1640862097931,
    "end": 1640862097932,
    "duration": 1,
    "pid": 7596,
    "index": 7
  },
  {
    "name": "Require(4) node_modules/egg-onerror/config/config.default.js",
    "start": 1640862097933,
    "end": 1640862097934,
    "duration": 1,
    "pid": 7596,
    "index": 8
  },
  {
    "name": "Require(5) node_modules/egg-i18n/config/config.default.js",
    "start": 1640862097935,
    "end": 1640862097936,
    "duration": 1,
    "pid": 7596,
    "index": 9
  },
  {
    "name": "Require(6) node_modules/egg-watcher/config/config.default.js",
    "start": 1640862097938,
    "end": 1640862097940,
    "duration": 2,
    "pid": 7596,
    "index": 10
  },
  {
    "name": "Require(7) node_modules/egg-schedule/config/config.default.js",
    "start": 1640862097941,
    "end": 1640862097943,
    "duration": 2,
    "pid": 7596,
    "index": 11
  },
  {
    "name": "Require(8) node_modules/egg-multipart/config/config.default.js",
    "start": 1640862097944,
    "end": 1640862097946,
    "duration": 2,
    "pid": 7596,
    "index": 12
  },
  {
    "name": "Require(9) node_modules/egg-development/config/config.default.js",
    "start": 1640862097948,
    "end": 1640862097950,
    "duration": 2,
    "pid": 7596,
    "index": 13
  },
  {
    "name": "Require(10) node_modules/egg-logrotator/config/config.default.js",
    "start": 1640862097952,
    "end": 1640862097953,
    "duration": 1,
    "pid": 7596,
    "index": 14
  },
  {
    "name": "Require(11) node_modules/egg-static/config/config.default.js",
    "start": 1640862097955,
    "end": 1640862097956,
    "duration": 1,
    "pid": 7596,
    "index": 15
  },
  {
    "name": "Require(12) node_modules/egg-view/config/config.default.js",
    "start": 1640862097957,
    "end": 1640862097959,
    "duration": 2,
    "pid": 7596,
    "index": 16
  },
  {
    "name": "Require(13) node_modules/egg-sequelize/config/config.default.js",
    "start": 1640862097961,
    "end": 1640862097962,
    "duration": 1,
    "pid": 7596,
    "index": 17
  },
  {
    "name": "Require(14) node_modules/egg-validate/config/config.default.js",
    "start": 1640862097963,
    "end": 1640862097964,
    "duration": 1,
    "pid": 7596,
    "index": 18
  },
  {
    "name": "Require(15) node_modules/egg-cors/config/config.default.js",
    "start": 1640862097966,
    "end": 1640862097967,
    "duration": 1,
    "pid": 7596,
    "index": 19
  },
  {
    "name": "Require(16) node_modules/egg/config/config.default.js",
    "start": 1640862097968,
    "end": 1640862097969,
    "duration": 1,
    "pid": 7596,
    "index": 20
  },
  {
    "name": "Require(17) config/config.default.js",
    "start": 1640862097972,
    "end": 1640862097972,
    "duration": 0,
    "pid": 7596,
    "index": 21
  },
  {
    "name": "Require(18) node_modules/egg-security/config/config.local.js",
    "start": 1640862097974,
    "end": 1640862097975,
    "duration": 1,
    "pid": 7596,
    "index": 22
  },
  {
    "name": "Require(19) node_modules/egg-watcher/config/config.local.js",
    "start": 1640862097979,
    "end": 1640862097979,
    "duration": 0,
    "pid": 7596,
    "index": 23
  },
  {
    "name": "Require(20) node_modules/egg-view/config/config.local.js",
    "start": 1640862097984,
    "end": 1640862097984,
    "duration": 0,
    "pid": 7596,
    "index": 24
  },
  {
    "name": "Require(21) node_modules/egg/config/config.local.js",
    "start": 1640862097988,
    "end": 1640862097989,
    "duration": 1,
    "pid": 7596,
    "index": 25
  },
  {
    "name": "Load extend/application.js",
    "start": 1640862097991,
    "end": 1640862098037,
    "duration": 46,
    "pid": 7596,
    "index": 26
  },
  {
    "name": "Require(22) node_modules/egg-session/app/extend/application.js",
    "start": 1640862097992,
    "end": 1640862097995,
    "duration": 3,
    "pid": 7596,
    "index": 27
  },
  {
    "name": "Require(23) node_modules/egg-security/app/extend/application.js",
    "start": 1640862097996,
    "end": 1640862098002,
    "duration": 6,
    "pid": 7596,
    "index": 28
  },
  {
    "name": "Require(24) node_modules/egg-jsonp/app/extend/application.js",
    "start": 1640862098003,
    "end": 1640862098007,
    "duration": 4,
    "pid": 7596,
    "index": 29
  },
  {
    "name": "Require(25) node_modules/egg-logrotator/app/extend/application.js",
    "start": 1640862098013,
    "end": 1640862098016,
    "duration": 3,
    "pid": 7596,
    "index": 30
  },
  {
    "name": "Require(26) node_modules/egg-view/app/extend/application.js",
    "start": 1640862098018,
    "end": 1640862098022,
    "duration": 4,
    "pid": 7596,
    "index": 31
  },
  {
    "name": "Load extend/request.js",
    "start": 1640862098037,
    "end": 1640862098062,
    "duration": 25,
    "pid": 7596,
    "index": 32
  },
  {
    "name": "Require(27) node_modules/egg/app/extend/request.js",
    "start": 1640862098049,
    "end": 1640862098051,
    "duration": 2,
    "pid": 7596,
    "index": 33
  },
  {
    "name": "Load extend/response.js",
    "start": 1640862098062,
    "end": 1640862098091,
    "duration": 29,
    "pid": 7596,
    "index": 34
  },
  {
    "name": "Require(28) node_modules/egg/app/extend/response.js",
    "start": 1640862098074,
    "end": 1640862098078,
    "duration": 4,
    "pid": 7596,
    "index": 35
  },
  {
    "name": "Load extend/context.js",
    "start": 1640862098091,
    "end": 1640862098292,
    "duration": 201,
    "pid": 7596,
    "index": 36
  },
  {
    "name": "Require(29) node_modules/egg-security/app/extend/context.js",
    "start": 1640862098093,
    "end": 1640862098120,
    "duration": 27,
    "pid": 7596,
    "index": 37
  },
  {
    "name": "Require(30) node_modules/egg-jsonp/app/extend/context.js",
    "start": 1640862098122,
    "end": 1640862098125,
    "duration": 3,
    "pid": 7596,
    "index": 38
  },
  {
    "name": "Require(31) node_modules/egg-i18n/app/extend/context.js",
    "start": 1640862098127,
    "end": 1640862098128,
    "duration": 1,
    "pid": 7596,
    "index": 39
  },
  {
    "name": "Require(32) node_modules/egg-multipart/app/extend/context.js",
    "start": 1640862098131,
    "end": 1640862098259,
    "duration": 128,
    "pid": 7596,
    "index": 40
  },
  {
    "name": "Require(33) node_modules/egg-view/app/extend/context.js",
    "start": 1640862098266,
    "end": 1640862098270,
    "duration": 4,
    "pid": 7596,
    "index": 41
  },
  {
    "name": "Require(34) node_modules/egg-validate/app/extend/context.js",
    "start": 1640862098272,
    "end": 1640862098273,
    "duration": 1,
    "pid": 7596,
    "index": 42
  },
  {
    "name": "Require(35) node_modules/egg/app/extend/context.js",
    "start": 1640862098274,
    "end": 1640862098276,
    "duration": 2,
    "pid": 7596,
    "index": 43
  },
  {
    "name": "Require(36) app/extend/context.js",
    "start": 1640862098277,
    "end": 1640862098278,
    "duration": 1,
    "pid": 7596,
    "index": 44
  },
  {
    "name": "Load extend/helper.js",
    "start": 1640862098292,
    "end": 1640862098416,
    "duration": 124,
    "pid": 7596,
    "index": 45
  },
  {
    "name": "Require(37) node_modules/egg-security/app/extend/helper.js",
    "start": 1640862098294,
    "end": 1640862098335,
    "duration": 41,
    "pid": 7596,
    "index": 46
  },
  {
    "name": "Require(38) node_modules/egg/app/extend/helper.js",
    "start": 1640862098345,
    "end": 1640862098346,
    "duration": 1,
    "pid": 7596,
    "index": 47
  },
  {
    "name": "Require(39) app/extend/helper.js",
    "start": 1640862098347,
    "end": 1640862098404,
    "duration": 57,
    "pid": 7596,
    "index": 48
  },
  {
    "name": "Load app.js",
    "start": 1640862098417,
    "end": 1640862098526,
    "duration": 109,
    "pid": 7596,
    "index": 49
  },
  {
    "name": "Require(40) node_modules/egg-session/app.js",
    "start": 1640862098418,
    "end": 1640862098419,
    "duration": 1,
    "pid": 7596,
    "index": 50
  },
  {
    "name": "Require(41) node_modules/egg-security/app.js",
    "start": 1640862098420,
    "end": 1640862098424,
    "duration": 4,
    "pid": 7596,
    "index": 51
  },
  {
    "name": "Require(42) node_modules/egg-onerror/app.js",
    "start": 1640862098427,
    "end": 1640862098449,
    "duration": 22,
    "pid": 7596,
    "index": 52
  },
  {
    "name": "Require(43) node_modules/egg-i18n/app.js",
    "start": 1640862098450,
    "end": 1640862098491,
    "duration": 41,
    "pid": 7596,
    "index": 53
  },
  {
    "name": "Require(44) node_modules/egg-watcher/app.js",
    "start": 1640862098492,
    "end": 1640862098500,
    "duration": 8,
    "pid": 7596,
    "index": 54
  },
  {
    "name": "Require(45) node_modules/egg-schedule/app.js",
    "start": 1640862098501,
    "end": 1640862098505,
    "duration": 4,
    "pid": 7596,
    "index": 55
  },
  {
    "name": "Require(46) node_modules/egg-multipart/app.js",
    "start": 1640862098506,
    "end": 1640862098508,
    "duration": 2,
    "pid": 7596,
    "index": 56
  },
  {
    "name": "Require(47) node_modules/egg-development/app.js",
    "start": 1640862098509,
    "end": 1640862098509,
    "duration": 0,
    "pid": 7596,
    "index": 57
  },
  {
    "name": "Require(48) node_modules/egg-logrotator/app.js",
    "start": 1640862098510,
    "end": 1640862098511,
    "duration": 1,
    "pid": 7596,
    "index": 58
  },
  {
    "name": "Require(49) node_modules/egg-static/app.js",
    "start": 1640862098511,
    "end": 1640862098512,
    "duration": 1,
    "pid": 7596,
    "index": 59
  },
  {
    "name": "Require(50) node_modules/egg-sequelize/app.js",
    "start": 1640862098514,
    "end": 1640862098515,
    "duration": 1,
    "pid": 7596,
    "index": 60
  },
  {
    "name": "Require(51) node_modules/egg-validate/app.js",
    "start": 1640862098516,
    "end": 1640862098521,
    "duration": 5,
    "pid": 7596,
    "index": 61
  },
  {
    "name": "Require(52) node_modules/egg-cors/app.js",
    "start": 1640862098522,
    "end": 1640862098523,
    "duration": 1,
    "pid": 7596,
    "index": 62
  },
  {
    "name": "Before Start in node_modules/egg-watcher/lib/init.js:15:14",
    "start": 1640862098563,
    "end": 1640862100533,
    "duration": 1970,
    "pid": 7596,
    "index": 63
  },
  {
    "name": "Load \"Symbol(model)\" to Application",
    "start": 1640862099731,
    "end": 1640862099825,
    "duration": 94,
    "pid": 7596,
    "index": 64
  },
  {
    "name": "Before Start in node_modules/egg-sequelize/lib/loader.js:39:7",
    "start": 1640862099834,
    "end": 1640862100556,
    "duration": 722,
    "pid": 7596,
    "index": 65
  },
  {
    "name": "Load Service",
    "start": 1640862099835,
    "end": 1640862099917,
    "duration": 82,
    "pid": 7596,
    "index": 66
  },
  {
    "name": "Load \"service\" to Context",
    "start": 1640862099835,
    "end": 1640862099917,
    "duration": 82,
    "pid": 7596,
    "index": 67
  },
  {
    "name": "Load Middleware",
    "start": 1640862099918,
    "end": 1640862100312,
    "duration": 394,
    "pid": 7596,
    "index": 68
  },
  {
    "name": "Load \"middlewares\" to Application",
    "start": 1640862099918,
    "end": 1640862100282,
    "duration": 364,
    "pid": 7596,
    "index": 69
  },
  {
    "name": "Load Controller",
    "start": 1640862100312,
    "end": 1640862100418,
    "duration": 106,
    "pid": 7596,
    "index": 70
  },
  {
    "name": "Load \"controller\" to Application",
    "start": 1640862100312,
    "end": 1640862100418,
    "duration": 106,
    "pid": 7596,
    "index": 71
  },
  {
    "name": "Load Router",
    "start": 1640862100418,
    "end": 1640862100438,
    "duration": 20,
    "pid": 7596,
    "index": 72
  },
  {
    "name": "Require(53) app/router.js",
    "start": 1640862100420,
    "end": 1640862100421,
    "duration": 1,
    "pid": 7596,
    "index": 73
  },
  {
    "name": "Before Start in node_modules/egg-core/lib/egg.js:303:10",
    "start": 1640862100422,
    "end": 1640862100469,
    "duration": 47,
    "pid": 7596,
    "index": 74
  }
]