[
  {
    "name": "Process Start",
    "start": 1640855056419,
    "end": 1640855059721,
    "duration": 3302,
    "pid": 4752,
    "index": 0
  },
  {
    "name": "Application Start",
    "start": 1640855059723,
    "end": 1640855062074,
    "duration": 2351,
    "pid": 4752,
    "index": 1
  },
  {
    "name": "Load Plugin",
    "start": 1640855059735,
    "end": 1640855059812,
    "duration": 77,
    "pid": 4752,
    "index": 2
  },
  {
    "name": "Load Config",
    "start": 1640855059812,
    "end": 1640855059876,
    "duration": 64,
    "pid": 4752,
    "index": 3
  },
  {
    "name": "Require(0) config/config.default.js",
    "start": 1640855059813,
    "end": 1640855059814,
    "duration": 1,
    "pid": 4752,
    "index": 4
  },
  {
    "name": "Require(1) node_modules/egg-session/config/config.default.js",
    "start": 1640855059818,
    "end": 1640855059819,
    "duration": 1,
    "pid": 4752,
    "index": 5
  },
  {
    "name": "Require(2) node_modules/egg-security/config/config.default.js",
    "start": 1640855059820,
    "end": 1640855059821,
    "duration": 1,
    "pid": 4752,
    "index": 6
  },
  {
    "name": "Require(3) node_modules/egg-jsonp/config/config.default.js",
    "start": 1640855059824,
    "end": 1640855059826,
    "duration": 2,
    "pid": 4752,
    "index": 7
  },
  {
    "name": "Require(4) node_modules/egg-onerror/config/config.default.js",
    "start": 1640855059827,
    "end": 1640855059828,
    "duration": 1,
    "pid": 4752,
    "index": 8
  },
  {
    "name": "Require(5) node_modules/egg-i18n/config/config.default.js",
    "start": 1640855059830,
    "end": 1640855059831,
    "duration": 1,
    "pid": 4752,
    "index": 9
  },
  {
    "name": "Require(6) node_modules/egg-watcher/config/config.default.js",
    "start": 1640855059832,
    "end": 1640855059833,
    "duration": 1,
    "pid": 4752,
    "index": 10
  },
  {
    "name": "Require(7) node_modules/egg-schedule/config/config.default.js",
    "start": 1640855059834,
    "end": 1640855059835,
    "duration": 1,
    "pid": 4752,
    "index": 11
  },
  {
    "name": "Require(8) node_modules/egg-multipart/config/config.default.js",
    "start": 1640855059836,
    "end": 1640855059838,
    "duration": 2,
    "pid": 4752,
    "index": 12
  },
  {
    "name": "Require(9) node_modules/egg-development/config/config.default.js",
    "start": 1640855059840,
    "end": 1640855059841,
    "duration": 1,
    "pid": 4752,
    "index": 13
  },
  {
    "name": "Require(10) node_modules/egg-logrotator/config/config.default.js",
    "start": 1640855059843,
    "end": 1640855059844,
    "duration": 1,
    "pid": 4752,
    "index": 14
  },
  {
    "name": "Require(11) node_modules/egg-static/config/config.default.js",
    "start": 1640855059846,
    "end": 1640855059848,
    "duration": 2,
    "pid": 4752,
    "index": 15
  },
  {
    "name": "Require(12) node_modules/egg-view/config/config.default.js",
    "start": 1640855059850,
    "end": 1640855059851,
    "duration": 1,
    "pid": 4752,
    "index": 16
  },
  {
    "name": "Require(13) node_modules/egg-sequelize/config/config.default.js",
    "start": 1640855059852,
    "end": 1640855059853,
    "duration": 1,
    "pid": 4752,
    "index": 17
  },
  {
    "name": "Require(14) node_modules/egg-validate/config/config.default.js",
    "start": 1640855059854,
    "end": 1640855059855,
    "duration": 1,
    "pid": 4752,
    "index": 18
  },
  {
    "name": "Require(15) node_modules/egg-cors/config/config.default.js",
    "start": 1640855059856,
    "end": 1640855059857,
    "duration": 1,
    "pid": 4752,
    "index": 19
  },
  {
    "name": "Require(16) node_modules/egg/config/config.default.js",
    "start": 1640855059858,
    "end": 1640855059859,
    "duration": 1,
    "pid": 4752,
    "index": 20
  },
  {
    "name": "Require(17) config/config.default.js",
    "start": 1640855059861,
    "end": 1640855059862,
    "duration": 1,
    "pid": 4752,
    "index": 21
  },
  {
    "name": "Require(18) node_modules/egg-security/config/config.local.js",
    "start": 1640855059864,
    "end": 1640855059865,
    "duration": 1,
    "pid": 4752,
    "index": 22
  },
  {
    "name": "Require(19) node_modules/egg-watcher/config/config.local.js",
    "start": 1640855059868,
    "end": 1640855059868,
    "duration": 0,
    "pid": 4752,
    "index": 23
  },
  {
    "name": "Require(20) node_modules/egg-view/config/config.local.js",
    "start": 1640855059873,
    "end": 1640855059873,
    "duration": 0,
    "pid": 4752,
    "index": 24
  },
  {
    "name": "Require(21) node_modules/egg/config/config.local.js",
    "start": 1640855059876,
    "end": 1640855059876,
    "duration": 0,
    "pid": 4752,
    "index": 25
  },
  {
    "name": "Load extend/application.js",
    "start": 1640855059878,
    "end": 1640855059936,
    "duration": 58,
    "pid": 4752,
    "index": 26
  },
  {
    "name": "Require(22) node_modules/egg-session/app/extend/application.js",
    "start": 1640855059880,
    "end": 1640855059881,
    "duration": 1,
    "pid": 4752,
    "index": 27
  },
  {
    "name": "Require(23) node_modules/egg-security/app/extend/application.js",
    "start": 1640855059883,
    "end": 1640855059888,
    "duration": 5,
    "pid": 4752,
    "index": 28
  },
  {
    "name": "Require(24) node_modules/egg-jsonp/app/extend/application.js",
    "start": 1640855059890,
    "end": 1640855059893,
    "duration": 3,
    "pid": 4752,
    "index": 29
  },
  {
    "name": "Require(25) node_modules/egg-logrotator/app/extend/application.js",
    "start": 1640855059900,
    "end": 1640855059905,
    "duration": 5,
    "pid": 4752,
    "index": 30
  },
  {
    "name": "Require(26) node_modules/egg-view/app/extend/application.js",
    "start": 1640855059908,
    "end": 1640855059912,
    "duration": 4,
    "pid": 4752,
    "index": 31
  },
  {
    "name": "Load extend/request.js",
    "start": 1640855059936,
    "end": 1640855059975,
    "duration": 39,
    "pid": 4752,
    "index": 32
  },
  {
    "name": "Require(27) node_modules/egg/app/extend/request.js",
    "start": 1640855059956,
    "end": 1640855059960,
    "duration": 4,
    "pid": 4752,
    "index": 33
  },
  {
    "name": "Load extend/response.js",
    "start": 1640855059975,
    "end": 1640855060009,
    "duration": 34,
    "pid": 4752,
    "index": 34
  },
  {
    "name": "Require(28) node_modules/egg/app/extend/response.js",
    "start": 1640855059989,
    "end": 1640855059995,
    "duration": 6,
    "pid": 4752,
    "index": 35
  },
  {
    "name": "Load extend/context.js",
    "start": 1640855060009,
    "end": 1640855060223,
    "duration": 214,
    "pid": 4752,
    "index": 36
  },
  {
    "name": "Require(29) node_modules/egg-security/app/extend/context.js",
    "start": 1640855060011,
    "end": 1640855060044,
    "duration": 33,
    "pid": 4752,
    "index": 37
  },
  {
    "name": "Require(30) node_modules/egg-jsonp/app/extend/context.js",
    "start": 1640855060046,
    "end": 1640855060051,
    "duration": 5,
    "pid": 4752,
    "index": 38
  },
  {
    "name": "Require(31) node_modules/egg-i18n/app/extend/context.js",
    "start": 1640855060053,
    "end": 1640855060054,
    "duration": 1,
    "pid": 4752,
    "index": 39
  },
  {
    "name": "Require(32) node_modules/egg-multipart/app/extend/context.js",
    "start": 1640855060057,
    "end": 1640855060189,
    "duration": 132,
    "pid": 4752,
    "index": 40
  },
  {
    "name": "Require(33) node_modules/egg-view/app/extend/context.js",
    "start": 1640855060192,
    "end": 1640855060195,
    "duration": 3,
    "pid": 4752,
    "index": 41
  },
  {
    "name": "Require(34) node_modules/egg-validate/app/extend/context.js",
    "start": 1640855060198,
    "end": 1640855060199,
    "duration": 1,
    "pid": 4752,
    "index": 42
  },
  {
    "name": "Require(35) node_modules/egg/app/extend/context.js",
    "start": 1640855060202,
    "end": 1640855060205,
    "duration": 3,
    "pid": 4752,
    "index": 43
  },
  {
    "name": "Require(36) app/extend/context.js",
    "start": 1640855060208,
    "end": 1640855060210,
    "duration": 2,
    "pid": 4752,
    "index": 44
  },
  {
    "name": "Load extend/helper.js",
    "start": 1640855060224,
    "end": 1640855060343,
    "duration": 119,
    "pid": 4752,
    "index": 45
  },
  {
    "name": "Require(37) node_modules/egg-security/app/extend/helper.js",
    "start": 1640855060226,
    "end": 1640855060275,
    "duration": 49,
    "pid": 4752,
    "index": 46
  },
  {
    "name": "Require(38) node_modules/egg/app/extend/helper.js",
    "start": 1640855060284,
    "end": 1640855060285,
    "duration": 1,
    "pid": 4752,
    "index": 47
  },
  {
    "name": "Require(39) app/extend/helper.js",
    "start": 1640855060286,
    "end": 1640855060333,
    "duration": 47,
    "pid": 4752,
    "index": 48
  },
  {
    "name": "Load app.js",
    "start": 1640855060343,
    "end": 1640855060463,
    "duration": 120,
    "pid": 4752,
    "index": 49
  },
  {
    "name": "Require(40) node_modules/egg-session/app.js",
    "start": 1640855060344,
    "end": 1640855060345,
    "duration": 1,
    "pid": 4752,
    "index": 50
  },
  {
    "name": "Require(41) node_modules/egg-security/app.js",
    "start": 1640855060347,
    "end": 1640855060351,
    "duration": 4,
    "pid": 4752,
    "index": 51
  },
  {
    "name": "Require(42) node_modules/egg-onerror/app.js",
    "start": 1640855060353,
    "end": 1640855060379,
    "duration": 26,
    "pid": 4752,
    "index": 52
  },
  {
    "name": "Require(43) node_modules/egg-i18n/app.js",
    "start": 1640855060380,
    "end": 1640855060423,
    "duration": 43,
    "pid": 4752,
    "index": 53
  },
  {
    "name": "Require(44) node_modules/egg-watcher/app.js",
    "start": 1640855060424,
    "end": 1640855060436,
    "duration": 12,
    "pid": 4752,
    "index": 54
  },
  {
    "name": "Require(45) node_modules/egg-schedule/app.js",
    "start": 1640855060436,
    "end": 1640855060440,
    "duration": 4,
    "pid": 4752,
    "index": 55
  },
  {
    "name": "Require(46) node_modules/egg-multipart/app.js",
    "start": 1640855060441,
    "end": 1640855060442,
    "duration": 1,
    "pid": 4752,
    "index": 56
  },
  {
    "name": "Require(47) node_modules/egg-development/app.js",
    "start": 1640855060443,
    "end": 1640855060444,
    "duration": 1,
    "pid": 4752,
    "index": 57
  },
  {
    "name": "Require(48) node_modules/egg-logrotator/app.js",
    "start": 1640855060445,
    "end": 1640855060446,
    "duration": 1,
    "pid": 4752,
    "index": 58
  },
  {
    "name": "Require(49) node_modules/egg-static/app.js",
    "start": 1640855060447,
    "end": 1640855060448,
    "duration": 1,
    "pid": 4752,
    "index": 59
  },
  {
    "name": "Require(50) node_modules/egg-sequelize/app.js",
    "start": 1640855060451,
    "end": 1640855060452,
    "duration": 1,
    "pid": 4752,
    "index": 60
  },
  {
    "name": "Require(51) node_modules/egg-validate/app.js",
    "start": 1640855060453,
    "end": 1640855060458,
    "duration": 5,
    "pid": 4752,
    "index": 61
  },
  {
    "name": "Require(52) node_modules/egg-cors/app.js",
    "start": 1640855060459,
    "end": 1640855060460,
    "duration": 1,
    "pid": 4752,
    "index": 62
  },
  {
    "name": "Before Start in node_modules/egg-watcher/lib/init.js:15:14",
    "start": 1640855060499,
    "end": 1640855062041,
    "duration": 1542,
    "pid": 4752,
    "index": 63
  },
  {
    "name": "Load \"Symbol(model)\" to Application",
    "start": 1640855061497,
    "end": 1640855061556,
    "duration": 59,
    "pid": 4752,
    "index": 64
  },
  {
    "name": "Before Start in node_modules/egg-sequelize/lib/loader.js:39:7",
    "start": 1640855061559,
    "end": 1640855062073,
    "duration": 514,
    "pid": 4752,
    "index": 65
  },
  {
    "name": "Load Service",
    "start": 1640855061560,
    "end": 1640855061584,
    "duration": 24,
    "pid": 4752,
    "index": 66
  },
  {
    "name": "Load \"service\" to Context",
    "start": 1640855061560,
    "end": 1640855061584,
    "duration": 24,
    "pid": 4752,
    "index": 67
  },
  {
    "name": "Load Middleware",
    "start": 1640855061584,
    "end": 1640855061846,
    "duration": 262,
    "pid": 4752,
    "index": 68
  },
  {
    "name": "Load \"middlewares\" to Application",
    "start": 1640855061585,
    "end": 1640855061823,
    "duration": 238,
    "pid": 4752,
    "index": 69
  },
  {
    "name": "Load Controller",
    "start": 1640855061846,
    "end": 1640855061943,
    "duration": 97,
    "pid": 4752,
    "index": 70
  },
  {
    "name": "Load \"controller\" to Application",
    "start": 1640855061847,
    "end": 1640855061943,
    "duration": 96,
    "pid": 4752,
    "index": 71
  },
  {
    "name": "Load Router",
    "start": 1640855061943,
    "end": 1640855061956,
    "duration": 13,
    "pid": 4752,
    "index": 72
  },
  {
    "name": "Require(53) app/router.js",
    "start": 1640855061944,
    "end": 1640855061944,
    "duration": 0,
    "pid": 4752,
    "index": 73
  },
  {
    "name": "Before Start in node_modules/egg-core/lib/egg.js:303:10",
    "start": 1640855061945,
    "end": 1640855061983,
    "duration": 38,
    "pid": 4752,
    "index": 74
  }
]