[
  {
    "name": null,
    "methods": [
      "HEAD",
      "GET"
    ],
    "paramNames": [],
    "path": "/captcha",
    "regexp": "/^\\/captcha(?:\\/(?=$))?$/",
    "stack": [
      "wrappedController"
    ]
  },
  {
    "name": "file",
    "methods": [
      "POST"
    ],
    "paramNames": [],
    "path": "/app/v1/upload",
    "regexp": "/^\\/app\\/v1\\/upload(?:\\/(?=$))?$/",
    "stack": [
      "wrappedController"
    ]
  },
  {
    "name": null,
    "methods": [
      "POST"
    ],
    "paramNames": [],
    "path": "/login",
    "regexp": "/^\\/login(?:\\/(?=$))?$/",
    "stack": [
      "wrappedController"
    ]
  },
  {
    "name": null,
    "methods": [
      "POST"
    ],
    "paramNames": [],
    "path": "/register",
    "regexp": "/^\\/register(?:\\/(?=$))?$/",
    "stack": [
      "wrappedController"
    ]
  },
  {
    "name": null,
    "methods": [
      "HEAD",
      "GET"
    ],
    "paramNames": [],
    "path": "/app/v1/getUser",
    "regexp": "/^\\/app\\/v1\\/getUser(?:\\/(?=$))?$/",
    "stack": [
      "wrappedController"
    ]
  },
  {
    "name": null,
    "methods": [
      "POST"
    ],
    "paramNames": [],
    "path": "/app/v1/createUser",
    "regexp": "/^\\/app\\/v1\\/createUser(?:\\/(?=$))?$/",
    "stack": [
      "wrappedController"
    ]
  },
  {
    "name": null,
    "methods": [
      "PUT"
    ],
    "paramNames": [],
    "path": "/app/v1/updateUser",
    "regexp": "/^\\/app\\/v1\\/updateUser(?:\\/(?=$))?$/",
    "stack": [
      "wrappedController"
    ]
  },
  {
    "name": null,
    "methods": [
      "DELETE"
    ],
    "paramNames": [
      {
        "name": "id",
        "prefix": "/",
        "delimiter": "/",
        "optional": false,
        "repeat": false,
        "partial": false,
        "asterisk": false,
        "pattern": "[^\\/]+?"
      }
    ],
    "path": "/app/v1/deleteUser/:id",
    "regexp": "/^\\/app\\/v1\\/deleteUser\\/((?:[^\\/]+?))(?:\\/(?=$))?$/",
    "stack": [
      "wrappedController"
    ]
  },
  {
    "name": null,
    "methods": [
      "HEAD",
      "GET"
    ],
    "paramNames": [],
    "path": "/app/v1/getGoods",
    "regexp": "/^\\/app\\/v1\\/getGoods(?:\\/(?=$))?$/",
    "stack": [
      "wrappedController"
    ]
  },
  {
    "name": null,
    "methods": [
      "POST"
    ],
    "paramNames": [],
    "path": "/app/v1/addGoods",
    "regexp": "/^\\/app\\/v1\\/addGoods(?:\\/(?=$))?$/",
    "stack": [
      "wrappedController"
    ]
  },
  {
    "name": null,
    "methods": [
      "PUT"
    ],
    "paramNames": [],
    "path": "/app/v1/altGood",
    "regexp": "/^\\/app\\/v1\\/altGood(?:\\/(?=$))?$/",
    "stack": [
      "wrappedController"
    ]
  },
  {
    "name": null,
    "methods": [
      "DELETE"
    ],
    "paramNames": [],
    "path": "/app/v1/delGood",
    "regexp": "/^\\/app\\/v1\\/delGood(?:\\/(?=$))?$/",
    "stack": [
      "wrappedController"
    ]
  },
  {
    "name": null,
    "methods": [
      "PUT"
    ],
    "paramNames": [],
    "path": "/app/v1/altSku",
    "regexp": "/^\\/app\\/v1\\/altSku(?:\\/(?=$))?$/",
    "stack": [
      "wrappedController"
    ]
  },
  {
    "name": null,
    "methods": [
      "PUT"
    ],
    "paramNames": [],
    "path": "/app/v1/altpprice",
    "regexp": "/^\\/app\\/v1\\/altpprice(?:\\/(?=$))?$/",
    "stack": [
      "wrappedController"
    ]
  },
  {
    "name": null,
    "methods": [
      "HEAD",
      "GET"
    ],
    "paramNames": [],
    "path": "/app/v1/getSubCategory",
    "regexp": "/^\\/app\\/v1\\/getSubCategory(?:\\/(?=$))?$/",
    "stack": [
      "wrappedController"
    ]
  },
  {
    "name": null,
    "methods": [
      "HEAD",
      "GET"
    ],
    "paramNames": [],
    "path": "/app/v1/getCategory",
    "regexp": "/^\\/app\\/v1\\/getCategory(?:\\/(?=$))?$/",
    "stack": [
      "wrappedController"
    ]
  },
  {
    "name": null,
    "methods": [
      "POST"
    ],
    "paramNames": [],
    "path": "/app/v1/addCategory",
    "regexp": "/^\\/app\\/v1\\/addCategory(?:\\/(?=$))?$/",
    "stack": [
      "wrappedController"
    ]
  },
  {
    "name": null,
    "methods": [
      "PUT"
    ],
    "paramNames": [],
    "path": "/app/v1/alterCategory",
    "regexp": "/^\\/app\\/v1\\/alterCategory(?:\\/(?=$))?$/",
    "stack": [
      "wrappedController"
    ]
  },
  {
    "name": null,
    "methods": [
      "DELETE"
    ],
    "paramNames": [],
    "path": "/app/v1/delCategory",
    "regexp": "/^\\/app\\/v1\\/delCategory(?:\\/(?=$))?$/",
    "stack": [
      "wrappedController"
    ]
  },
  {
    "name": null,
    "methods": [
      "HEAD",
      "GET"
    ],
    "paramNames": [],
    "path": "/app/v1/getorder",
    "regexp": "/^\\/app\\/v1\\/getorder(?:\\/(?=$))?$/",
    "stack": [
      "wrappedController"
    ]
  },
  {
    "name": null,
    "methods": [
      "PUT"
    ],
    "paramNames": [],
    "path": "/app/v1/altorderstate",
    "regexp": "/^\\/app\\/v1\\/altorderstate(?:\\/(?=$))?$/",
    "stack": [
      "wrappedController"
    ]
  }
]