[
  {
    "name": "Process Start",
    "start": 1648972819588,
    "end": 1648972823149,
    "duration": 3561,
    "pid": 7384,
    "index": 0
  },
  {
    "name": "Application Start",
    "start": 1648972823150,
    "end": 1648972824584,
    "duration": 1434,
    "pid": 7384,
    "index": 1
  },
  {
    "name": "Load Plugin",
    "start": 1648972823160,
    "end": 1648972823210,
    "duration": 50,
    "pid": 7384,
    "index": 2
  },
  {
    "name": "Load Config",
    "start": 1648972823211,
    "end": 1648972823259,
    "duration": 48,
    "pid": 7384,
    "index": 3
  },
  {
    "name": "Require(0) config/config.default.js",
    "start": 1648972823212,
    "end": 1648972823212,
    "duration": 0,
    "pid": 7384,
    "index": 4
  },
  {
    "name": "Require(1) node_modules/egg-session/config/config.default.js",
    "start": 1648972823215,
    "end": 1648972823216,
    "duration": 1,
    "pid": 7384,
    "index": 5
  },
  {
    "name": "Require(2) node_modules/egg-security/config/config.default.js",
    "start": 1648972823217,
    "end": 1648972823217,
    "duration": 0,
    "pid": 7384,
    "index": 6
  },
  {
    "name": "Require(3) node_modules/egg-jsonp/config/config.default.js",
    "start": 1648972823220,
    "end": 1648972823221,
    "duration": 1,
    "pid": 7384,
    "index": 7
  },
  {
    "name": "Require(4) node_modules/egg-onerror/config/config.default.js",
    "start": 1648972823222,
    "end": 1648972823222,
    "duration": 0,
    "pid": 7384,
    "index": 8
  },
  {
    "name": "Require(5) node_modules/egg-i18n/config/config.default.js",
    "start": 1648972823223,
    "end": 1648972823224,
    "duration": 1,
    "pid": 7384,
    "index": 9
  },
  {
    "name": "Require(6) node_modules/egg-watcher/config/config.default.js",
    "start": 1648972823225,
    "end": 1648972823226,
    "duration": 1,
    "pid": 7384,
    "index": 10
  },
  {
    "name": "Require(7) node_modules/egg-schedule/config/config.default.js",
    "start": 1648972823226,
    "end": 1648972823227,
    "duration": 1,
    "pid": 7384,
    "index": 11
  },
  {
    "name": "Require(8) node_modules/egg-multipart/config/config.default.js",
    "start": 1648972823228,
    "end": 1648972823228,
    "duration": 0,
    "pid": 7384,
    "index": 12
  },
  {
    "name": "Require(9) node_modules/egg-development/config/config.default.js",
    "start": 1648972823229,
    "end": 1648972823230,
    "duration": 1,
    "pid": 7384,
    "index": 13
  },
  {
    "name": "Require(10) node_modules/egg-logrotator/config/config.default.js",
    "start": 1648972823231,
    "end": 1648972823232,
    "duration": 1,
    "pid": 7384,
    "index": 14
  },
  {
    "name": "Require(11) node_modules/egg-static/config/config.default.js",
    "start": 1648972823232,
    "end": 1648972823233,
    "duration": 1,
    "pid": 7384,
    "index": 15
  },
  {
    "name": "Require(12) node_modules/egg-view/config/config.default.js",
    "start": 1648972823234,
    "end": 1648972823235,
    "duration": 1,
    "pid": 7384,
    "index": 16
  },
  {
    "name": "Require(13) node_modules/egg-sequelize/config/config.default.js",
    "start": 1648972823236,
    "end": 1648972823236,
    "duration": 0,
    "pid": 7384,
    "index": 17
  },
  {
    "name": "Require(14) node_modules/egg-redis/config/config.default.js",
    "start": 1648972823237,
    "end": 1648972823238,
    "duration": 1,
    "pid": 7384,
    "index": 18
  },
  {
    "name": "Require(15) node_modules/egg-validate/config/config.default.js",
    "start": 1648972823239,
    "end": 1648972823239,
    "duration": 0,
    "pid": 7384,
    "index": 19
  },
  {
    "name": "Require(16) node_modules/egg-cors/config/config.default.js",
    "start": 1648972823240,
    "end": 1648972823241,
    "duration": 1,
    "pid": 7384,
    "index": 20
  },
  {
    "name": "Require(17) node_modules/egg/config/config.default.js",
    "start": 1648972823242,
    "end": 1648972823243,
    "duration": 1,
    "pid": 7384,
    "index": 21
  },
  {
    "name": "Require(18) config/config.default.js",
    "start": 1648972823246,
    "end": 1648972823246,
    "duration": 0,
    "pid": 7384,
    "index": 22
  },
  {
    "name": "Require(19) node_modules/egg-security/config/config.local.js",
    "start": 1648972823248,
    "end": 1648972823248,
    "duration": 0,
    "pid": 7384,
    "index": 23
  },
  {
    "name": "Require(20) node_modules/egg-watcher/config/config.local.js",
    "start": 1648972823250,
    "end": 1648972823250,
    "duration": 0,
    "pid": 7384,
    "index": 24
  },
  {
    "name": "Require(21) node_modules/egg-view/config/config.local.js",
    "start": 1648972823253,
    "end": 1648972823254,
    "duration": 1,
    "pid": 7384,
    "index": 25
  },
  {
    "name": "Require(22) node_modules/egg/config/config.local.js",
    "start": 1648972823258,
    "end": 1648972823258,
    "duration": 0,
    "pid": 7384,
    "index": 26
  },
  {
    "name": "Load extend/application.js",
    "start": 1648972823261,
    "end": 1648972823290,
    "duration": 29,
    "pid": 7384,
    "index": 27
  },
  {
    "name": "Require(23) node_modules/egg-session/app/extend/application.js",
    "start": 1648972823262,
    "end": 1648972823263,
    "duration": 1,
    "pid": 7384,
    "index": 28
  },
  {
    "name": "Require(24) node_modules/egg-security/app/extend/application.js",
    "start": 1648972823264,
    "end": 1648972823266,
    "duration": 2,
    "pid": 7384,
    "index": 29
  },
  {
    "name": "Require(25) node_modules/egg-jsonp/app/extend/application.js",
    "start": 1648972823267,
    "end": 1648972823269,
    "duration": 2,
    "pid": 7384,
    "index": 30
  },
  {
    "name": "Require(26) node_modules/egg-logrotator/app/extend/application.js",
    "start": 1648972823272,
    "end": 1648972823274,
    "duration": 2,
    "pid": 7384,
    "index": 31
  },
  {
    "name": "Require(27) node_modules/egg-view/app/extend/application.js",
    "start": 1648972823275,
    "end": 1648972823278,
    "duration": 3,
    "pid": 7384,
    "index": 32
  },
  {
    "name": "Require(28) app/extend/application.js",
    "start": 1648972823281,
    "end": 1648972823282,
    "duration": 1,
    "pid": 7384,
    "index": 33
  },
  {
    "name": "Load extend/request.js",
    "start": 1648972823290,
    "end": 1648972823307,
    "duration": 17,
    "pid": 7384,
    "index": 34
  },
  {
    "name": "Require(29) node_modules/egg/app/extend/request.js",
    "start": 1648972823300,
    "end": 1648972823301,
    "duration": 1,
    "pid": 7384,
    "index": 35
  },
  {
    "name": "Load extend/response.js",
    "start": 1648972823307,
    "end": 1648972823322,
    "duration": 15,
    "pid": 7384,
    "index": 36
  },
  {
    "name": "Require(30) node_modules/egg/app/extend/response.js",
    "start": 1648972823313,
    "end": 1648972823315,
    "duration": 2,
    "pid": 7384,
    "index": 37
  },
  {
    "name": "Load extend/context.js",
    "start": 1648972823322,
    "end": 1648972823466,
    "duration": 144,
    "pid": 7384,
    "index": 38
  },
  {
    "name": "Require(31) node_modules/egg-security/app/extend/context.js",
    "start": 1648972823323,
    "end": 1648972823338,
    "duration": 15,
    "pid": 7384,
    "index": 39
  },
  {
    "name": "Require(32) node_modules/egg-jsonp/app/extend/context.js",
    "start": 1648972823339,
    "end": 1648972823341,
    "duration": 2,
    "pid": 7384,
    "index": 40
  },
  {
    "name": "Require(33) node_modules/egg-i18n/app/extend/context.js",
    "start": 1648972823342,
    "end": 1648972823342,
    "duration": 0,
    "pid": 7384,
    "index": 41
  },
  {
    "name": "Require(34) node_modules/egg-multipart/app/extend/context.js",
    "start": 1648972823344,
    "end": 1648972823450,
    "duration": 106,
    "pid": 7384,
    "index": 42
  },
  {
    "name": "Require(35) node_modules/egg-view/app/extend/context.js",
    "start": 1648972823452,
    "end": 1648972823453,
    "duration": 1,
    "pid": 7384,
    "index": 43
  },
  {
    "name": "Require(36) node_modules/egg-validate/app/extend/context.js",
    "start": 1648972823455,
    "end": 1648972823455,
    "duration": 0,
    "pid": 7384,
    "index": 44
  },
  {
    "name": "Require(37) node_modules/egg/app/extend/context.js",
    "start": 1648972823456,
    "end": 1648972823457,
    "duration": 1,
    "pid": 7384,
    "index": 45
  },
  {
    "name": "Require(38) app/extend/context.js",
    "start": 1648972823458,
    "end": 1648972823459,
    "duration": 1,
    "pid": 7384,
    "index": 46
  },
  {
    "name": "Load extend/helper.js",
    "start": 1648972823466,
    "end": 1648972823542,
    "duration": 76,
    "pid": 7384,
    "index": 47
  },
  {
    "name": "Require(39) node_modules/egg-security/app/extend/helper.js",
    "start": 1648972823467,
    "end": 1648972823494,
    "duration": 27,
    "pid": 7384,
    "index": 48
  },
  {
    "name": "Require(40) node_modules/egg/app/extend/helper.js",
    "start": 1648972823501,
    "end": 1648972823502,
    "duration": 1,
    "pid": 7384,
    "index": 49
  },
  {
    "name": "Require(41) app/extend/helper.js",
    "start": 1648972823502,
    "end": 1648972823537,
    "duration": 35,
    "pid": 7384,
    "index": 50
  },
  {
    "name": "Load app.js",
    "start": 1648972823543,
    "end": 1648972823605,
    "duration": 62,
    "pid": 7384,
    "index": 51
  },
  {
    "name": "Require(42) node_modules/egg-session/app.js",
    "start": 1648972823543,
    "end": 1648972823544,
    "duration": 1,
    "pid": 7384,
    "index": 52
  },
  {
    "name": "Require(43) node_modules/egg-security/app.js",
    "start": 1648972823544,
    "end": 1648972823547,
    "duration": 3,
    "pid": 7384,
    "index": 53
  },
  {
    "name": "Require(44) node_modules/egg-onerror/app.js",
    "start": 1648972823548,
    "end": 1648972823558,
    "duration": 10,
    "pid": 7384,
    "index": 54
  },
  {
    "name": "Require(45) node_modules/egg-i18n/app.js",
    "start": 1648972823559,
    "end": 1648972823579,
    "duration": 20,
    "pid": 7384,
    "index": 55
  },
  {
    "name": "Require(46) node_modules/egg-watcher/app.js",
    "start": 1648972823580,
    "end": 1648972823584,
    "duration": 4,
    "pid": 7384,
    "index": 56
  },
  {
    "name": "Require(47) node_modules/egg-schedule/app.js",
    "start": 1648972823585,
    "end": 1648972823587,
    "duration": 2,
    "pid": 7384,
    "index": 57
  },
  {
    "name": "Require(48) node_modules/egg-multipart/app.js",
    "start": 1648972823587,
    "end": 1648972823588,
    "duration": 1,
    "pid": 7384,
    "index": 58
  },
  {
    "name": "Require(49) node_modules/egg-development/app.js",
    "start": 1648972823588,
    "end": 1648972823589,
    "duration": 1,
    "pid": 7384,
    "index": 59
  },
  {
    "name": "Require(50) node_modules/egg-logrotator/app.js",
    "start": 1648972823589,
    "end": 1648972823590,
    "duration": 1,
    "pid": 7384,
    "index": 60
  },
  {
    "name": "Require(51) node_modules/egg-static/app.js",
    "start": 1648972823590,
    "end": 1648972823591,
    "duration": 1,
    "pid": 7384,
    "index": 61
  },
  {
    "name": "Require(52) node_modules/egg-sequelize/app.js",
    "start": 1648972823591,
    "end": 1648972823596,
    "duration": 5,
    "pid": 7384,
    "index": 62
  },
  {
    "name": "Require(53) node_modules/egg-redis/app.js",
    "start": 1648972823597,
    "end": 1648972823599,
    "duration": 2,
    "pid": 7384,
    "index": 63
  },
  {
    "name": "Require(54) node_modules/egg-validate/app.js",
    "start": 1648972823599,
    "end": 1648972823602,
    "duration": 3,
    "pid": 7384,
    "index": 64
  },
  {
    "name": "Require(55) node_modules/egg-cors/app.js",
    "start": 1648972823602,
    "end": 1648972823603,
    "duration": 1,
    "pid": 7384,
    "index": 65
  },
  {
    "name": "Require(56) app.js",
    "start": 1648972823604,
    "end": 1648972823604,
    "duration": 0,
    "pid": 7384,
    "index": 66
  },
  {
    "name": "Before Start in node_modules/egg-watcher/lib/init.js:15:14",
    "start": 1648972823646,
    "end": 1648972824567,
    "duration": 921,
    "pid": 7384,
    "index": 67
  },
  {
    "name": "Load \"Symbol(model)\" to Application",
    "start": 1648972824134,
    "end": 1648972824170,
    "duration": 36,
    "pid": 7384,
    "index": 68
  },
  {
    "name": "Before Start in node_modules/egg-sequelize/lib/loader.js:39:7",
    "start": 1648972824178,
    "end": 1648972824584,
    "duration": 406,
    "pid": 7384,
    "index": 69
  },
  {
    "name": "Before Start in node_modules/egg-redis/lib/redis.js:53:7",
    "start": 1648972824294,
    "end": 1648972824294,
    "duration": 0,
    "pid": 7384,
    "index": 70
  },
  {
    "name": "Before Start in node_modules/egg-redis/lib/redis.js:53:7",
    "start": 1648972824294,
    "end": 1648972824295,
    "duration": 1,
    "pid": 7384,
    "index": 71
  },
  {
    "name": "Before Start in node_modules/egg-redis/lib/redis.js:53:7",
    "start": 1648972824295,
    "end": 1648972824533,
    "duration": 238,
    "pid": 7384,
    "index": 72
  },
  {
    "name": "Before Start in app.js:4:7",
    "start": 1648972824295,
    "end": 1648972824516,
    "duration": 221,
    "pid": 7384,
    "index": 73
  },
  {
    "name": "Load Service",
    "start": 1648972824295,
    "end": 1648972824313,
    "duration": 18,
    "pid": 7384,
    "index": 74
  },
  {
    "name": "Load \"service\" to Context",
    "start": 1648972824295,
    "end": 1648972824313,
    "duration": 18,
    "pid": 7384,
    "index": 75
  },
  {
    "name": "Load Middleware",
    "start": 1648972824313,
    "end": 1648972824469,
    "duration": 156,
    "pid": 7384,
    "index": 76
  },
  {
    "name": "Load \"middlewares\" to Application",
    "start": 1648972824313,
    "end": 1648972824452,
    "duration": 139,
    "pid": 7384,
    "index": 77
  },
  {
    "name": "Load Controller",
    "start": 1648972824469,
    "end": 1648972824482,
    "duration": 13,
    "pid": 7384,
    "index": 78
  },
  {
    "name": "Load \"controller\" to Application",
    "start": 1648972824469,
    "end": 1648972824482,
    "duration": 13,
    "pid": 7384,
    "index": 79
  },
  {
    "name": "Load Router",
    "start": 1648972824482,
    "end": 1648972824492,
    "duration": 10,
    "pid": 7384,
    "index": 80
  },
  {
    "name": "Require(57) app/router.js",
    "start": 1648972824483,
    "end": 1648972824483,
    "duration": 0,
    "pid": 7384,
    "index": 81
  },
  {
    "name": "Before Start in node_modules/egg-core/lib/egg.js:303:10",
    "start": 1648972824484,
    "end": 1648972824516,
    "duration": 32,
    "pid": 7384,
    "index": 82
  }
]