[
  {
    "name": "Process Start",
    "start": 1648999919645,
    "end": 1648999923937,
    "duration": 4292,
    "pid": 11936,
    "index": 0
  },
  {
    "name": "Application Start",
    "start": 1648999923938,
    "end": 1648999926906,
    "duration": 2968,
    "pid": 11936,
    "index": 1
  },
  {
    "name": "Load Plugin",
    "start": 1648999923954,
    "end": 1648999924073,
    "duration": 119,
    "pid": 11936,
    "index": 2
  },
  {
    "name": "Load Config",
    "start": 1648999924073,
    "end": 1648999924182,
    "duration": 109,
    "pid": 11936,
    "index": 3
  },
  {
    "name": "Require(0) config/config.default.js",
    "start": 1648999924075,
    "end": 1648999924078,
    "duration": 3,
    "pid": 11936,
    "index": 4
  },
  {
    "name": "Require(1) node_modules/egg-session/config/config.default.js",
    "start": 1648999924084,
    "end": 1648999924086,
    "duration": 2,
    "pid": 11936,
    "index": 5
  },
  {
    "name": "Require(2) node_modules/egg-security/config/config.default.js",
    "start": 1648999924091,
    "end": 1648999924093,
    "duration": 2,
    "pid": 11936,
    "index": 6
  },
  {
    "name": "Require(3) node_modules/egg-jsonp/config/config.default.js",
    "start": 1648999924096,
    "end": 1648999924098,
    "duration": 2,
    "pid": 11936,
    "index": 7
  },
  {
    "name": "Require(4) node_modules/egg-onerror/config/config.default.js",
    "start": 1648999924101,
    "end": 1648999924102,
    "duration": 1,
    "pid": 11936,
    "index": 8
  },
  {
    "name": "Require(5) node_modules/egg-i18n/config/config.default.js",
    "start": 1648999924103,
    "end": 1648999924105,
    "duration": 2,
    "pid": 11936,
    "index": 9
  },
  {
    "name": "Require(6) node_modules/egg-watcher/config/config.default.js",
    "start": 1648999924108,
    "end": 1648999924111,
    "duration": 3,
    "pid": 11936,
    "index": 10
  },
  {
    "name": "Require(7) node_modules/egg-schedule/config/config.default.js",
    "start": 1648999924113,
    "end": 1648999924114,
    "duration": 1,
    "pid": 11936,
    "index": 11
  },
  {
    "name": "Require(8) node_modules/egg-multipart/config/config.default.js",
    "start": 1648999924116,
    "end": 1648999924117,
    "duration": 1,
    "pid": 11936,
    "index": 12
  },
  {
    "name": "Require(9) node_modules/egg-development/config/config.default.js",
    "start": 1648999924121,
    "end": 1648999924125,
    "duration": 4,
    "pid": 11936,
    "index": 13
  },
  {
    "name": "Require(10) node_modules/egg-logrotator/config/config.default.js",
    "start": 1648999924129,
    "end": 1648999924131,
    "duration": 2,
    "pid": 11936,
    "index": 14
  },
  {
    "name": "Require(11) node_modules/egg-static/config/config.default.js",
    "start": 1648999924133,
    "end": 1648999924134,
    "duration": 1,
    "pid": 11936,
    "index": 15
  },
  {
    "name": "Require(12) node_modules/egg-view/config/config.default.js",
    "start": 1648999924136,
    "end": 1648999924137,
    "duration": 1,
    "pid": 11936,
    "index": 16
  },
  {
    "name": "Require(13) node_modules/egg-sequelize/config/config.default.js",
    "start": 1648999924140,
    "end": 1648999924141,
    "duration": 1,
    "pid": 11936,
    "index": 17
  },
  {
    "name": "Require(14) node_modules/egg-redis/config/config.default.js",
    "start": 1648999924143,
    "end": 1648999924144,
    "duration": 1,
    "pid": 11936,
    "index": 18
  },
  {
    "name": "Require(15) node_modules/egg-validate/config/config.default.js",
    "start": 1648999924146,
    "end": 1648999924148,
    "duration": 2,
    "pid": 11936,
    "index": 19
  },
  {
    "name": "Require(16) node_modules/egg-cors/config/config.default.js",
    "start": 1648999924151,
    "end": 1648999924152,
    "duration": 1,
    "pid": 11936,
    "index": 20
  },
  {
    "name": "Require(17) node_modules/egg/config/config.default.js",
    "start": 1648999924153,
    "end": 1648999924154,
    "duration": 1,
    "pid": 11936,
    "index": 21
  },
  {
    "name": "Require(18) config/config.default.js",
    "start": 1648999924159,
    "end": 1648999924159,
    "duration": 0,
    "pid": 11936,
    "index": 22
  },
  {
    "name": "Require(19) node_modules/egg-security/config/config.local.js",
    "start": 1648999924162,
    "end": 1648999924162,
    "duration": 0,
    "pid": 11936,
    "index": 23
  },
  {
    "name": "Require(20) node_modules/egg-watcher/config/config.local.js",
    "start": 1648999924165,
    "end": 1648999924166,
    "duration": 1,
    "pid": 11936,
    "index": 24
  },
  {
    "name": "Require(21) node_modules/egg-view/config/config.local.js",
    "start": 1648999924173,
    "end": 1648999924176,
    "duration": 3,
    "pid": 11936,
    "index": 25
  },
  {
    "name": "Require(22) node_modules/egg/config/config.local.js",
    "start": 1648999924180,
    "end": 1648999924181,
    "duration": 1,
    "pid": 11936,
    "index": 26
  },
  {
    "name": "Load extend/application.js",
    "start": 1648999924184,
    "end": 1648999924256,
    "duration": 72,
    "pid": 11936,
    "index": 27
  },
  {
    "name": "Require(23) node_modules/egg-session/app/extend/application.js",
    "start": 1648999924186,
    "end": 1648999924187,
    "duration": 1,
    "pid": 11936,
    "index": 28
  },
  {
    "name": "Require(24) node_modules/egg-security/app/extend/application.js",
    "start": 1648999924191,
    "end": 1648999924201,
    "duration": 10,
    "pid": 11936,
    "index": 29
  },
  {
    "name": "Require(25) node_modules/egg-jsonp/app/extend/application.js",
    "start": 1648999924203,
    "end": 1648999924211,
    "duration": 8,
    "pid": 11936,
    "index": 30
  },
  {
    "name": "Require(26) node_modules/egg-logrotator/app/extend/application.js",
    "start": 1648999924217,
    "end": 1648999924224,
    "duration": 7,
    "pid": 11936,
    "index": 31
  },
  {
    "name": "Require(27) node_modules/egg-view/app/extend/application.js",
    "start": 1648999924231,
    "end": 1648999924237,
    "duration": 6,
    "pid": 11936,
    "index": 32
  },
  {
    "name": "Require(28) app/extend/application.js",
    "start": 1648999924242,
    "end": 1648999924243,
    "duration": 1,
    "pid": 11936,
    "index": 33
  },
  {
    "name": "Load extend/request.js",
    "start": 1648999924256,
    "end": 1648999924280,
    "duration": 24,
    "pid": 11936,
    "index": 34
  },
  {
    "name": "Require(29) node_modules/egg/app/extend/request.js",
    "start": 1648999924270,
    "end": 1648999924271,
    "duration": 1,
    "pid": 11936,
    "index": 35
  },
  {
    "name": "Load extend/response.js",
    "start": 1648999924281,
    "end": 1648999924305,
    "duration": 24,
    "pid": 11936,
    "index": 36
  },
  {
    "name": "Require(30) node_modules/egg/app/extend/response.js",
    "start": 1648999924291,
    "end": 1648999924295,
    "duration": 4,
    "pid": 11936,
    "index": 37
  },
  {
    "name": "Load extend/context.js",
    "start": 1648999924306,
    "end": 1648999924493,
    "duration": 187,
    "pid": 11936,
    "index": 38
  },
  {
    "name": "Require(31) node_modules/egg-security/app/extend/context.js",
    "start": 1648999924307,
    "end": 1648999924339,
    "duration": 32,
    "pid": 11936,
    "index": 39
  },
  {
    "name": "Require(32) node_modules/egg-jsonp/app/extend/context.js",
    "start": 1648999924340,
    "end": 1648999924345,
    "duration": 5,
    "pid": 11936,
    "index": 40
  },
  {
    "name": "Require(33) node_modules/egg-i18n/app/extend/context.js",
    "start": 1648999924347,
    "end": 1648999924348,
    "duration": 1,
    "pid": 11936,
    "index": 41
  },
  {
    "name": "Require(34) node_modules/egg-multipart/app/extend/context.js",
    "start": 1648999924350,
    "end": 1648999924475,
    "duration": 125,
    "pid": 11936,
    "index": 42
  },
  {
    "name": "Require(35) node_modules/egg-view/app/extend/context.js",
    "start": 1648999924477,
    "end": 1648999924479,
    "duration": 2,
    "pid": 11936,
    "index": 43
  },
  {
    "name": "Require(36) node_modules/egg-validate/app/extend/context.js",
    "start": 1648999924482,
    "end": 1648999924483,
    "duration": 1,
    "pid": 11936,
    "index": 44
  },
  {
    "name": "Require(37) node_modules/egg/app/extend/context.js",
    "start": 1648999924484,
    "end": 1648999924485,
    "duration": 1,
    "pid": 11936,
    "index": 45
  },
  {
    "name": "Require(38) app/extend/context.js",
    "start": 1648999924486,
    "end": 1648999924487,
    "duration": 1,
    "pid": 11936,
    "index": 46
  },
  {
    "name": "Load extend/helper.js",
    "start": 1648999924493,
    "end": 1648999924611,
    "duration": 118,
    "pid": 11936,
    "index": 47
  },
  {
    "name": "Require(39) node_modules/egg-security/app/extend/helper.js",
    "start": 1648999924495,
    "end": 1648999924536,
    "duration": 41,
    "pid": 11936,
    "index": 48
  },
  {
    "name": "Require(40) node_modules/egg/app/extend/helper.js",
    "start": 1648999924542,
    "end": 1648999924543,
    "duration": 1,
    "pid": 11936,
    "index": 49
  },
  {
    "name": "Require(41) app/extend/helper.js",
    "start": 1648999924544,
    "end": 1648999924604,
    "duration": 60,
    "pid": 11936,
    "index": 50
  },
  {
    "name": "Load app.js",
    "start": 1648999924611,
    "end": 1648999924746,
    "duration": 135,
    "pid": 11936,
    "index": 51
  },
  {
    "name": "Require(42) node_modules/egg-session/app.js",
    "start": 1648999924612,
    "end": 1648999924613,
    "duration": 1,
    "pid": 11936,
    "index": 52
  },
  {
    "name": "Require(43) node_modules/egg-security/app.js",
    "start": 1648999924614,
    "end": 1648999924617,
    "duration": 3,
    "pid": 11936,
    "index": 53
  },
  {
    "name": "Require(44) node_modules/egg-onerror/app.js",
    "start": 1648999924618,
    "end": 1648999924640,
    "duration": 22,
    "pid": 11936,
    "index": 54
  },
  {
    "name": "Require(45) node_modules/egg-i18n/app.js",
    "start": 1648999924642,
    "end": 1648999924688,
    "duration": 46,
    "pid": 11936,
    "index": 55
  },
  {
    "name": "Require(46) node_modules/egg-watcher/app.js",
    "start": 1648999924689,
    "end": 1648999924699,
    "duration": 10,
    "pid": 11936,
    "index": 56
  },
  {
    "name": "Require(47) node_modules/egg-schedule/app.js",
    "start": 1648999924700,
    "end": 1648999924705,
    "duration": 5,
    "pid": 11936,
    "index": 57
  },
  {
    "name": "Require(48) node_modules/egg-multipart/app.js",
    "start": 1648999924706,
    "end": 1648999924708,
    "duration": 2,
    "pid": 11936,
    "index": 58
  },
  {
    "name": "Require(49) node_modules/egg-development/app.js",
    "start": 1648999924710,
    "end": 1648999924710,
    "duration": 0,
    "pid": 11936,
    "index": 59
  },
  {
    "name": "Require(50) node_modules/egg-logrotator/app.js",
    "start": 1648999924711,
    "end": 1648999924712,
    "duration": 1,
    "pid": 11936,
    "index": 60
  },
  {
    "name": "Require(51) node_modules/egg-static/app.js",
    "start": 1648999924713,
    "end": 1648999924714,
    "duration": 1,
    "pid": 11936,
    "index": 61
  },
  {
    "name": "Require(52) node_modules/egg-sequelize/app.js",
    "start": 1648999924716,
    "end": 1648999924716,
    "duration": 0,
    "pid": 11936,
    "index": 62
  },
  {
    "name": "Require(53) node_modules/egg-redis/app.js",
    "start": 1648999924717,
    "end": 1648999924722,
    "duration": 5,
    "pid": 11936,
    "index": 63
  },
  {
    "name": "Require(54) node_modules/egg-validate/app.js",
    "start": 1648999924723,
    "end": 1648999924728,
    "duration": 5,
    "pid": 11936,
    "index": 64
  },
  {
    "name": "Require(55) node_modules/egg-cors/app.js",
    "start": 1648999924729,
    "end": 1648999924731,
    "duration": 2,
    "pid": 11936,
    "index": 65
  },
  {
    "name": "Require(56) app.js",
    "start": 1648999924745,
    "end": 1648999924746,
    "duration": 1,
    "pid": 11936,
    "index": 66
  },
  {
    "name": "Before Start in node_modules/egg-watcher/lib/init.js:15:14",
    "start": 1648999924786,
    "end": 1648999926747,
    "duration": 1961,
    "pid": 11936,
    "index": 67
  },
  {
    "name": "Load \"Symbol(model)\" to Application",
    "start": 1648999925985,
    "end": 1648999926048,
    "duration": 63,
    "pid": 11936,
    "index": 68
  },
  {
    "name": "Before Start in node_modules/egg-sequelize/lib/loader.js:39:7",
    "start": 1648999926063,
    "end": 1648999926905,
    "duration": 842,
    "pid": 11936,
    "index": 69
  },
  {
    "name": "Before Start in node_modules/egg-redis/lib/redis.js:53:7",
    "start": 1648999926218,
    "end": 1648999926219,
    "duration": 1,
    "pid": 11936,
    "index": 70
  },
  {
    "name": "Before Start in node_modules/egg-redis/lib/redis.js:53:7",
    "start": 1648999926219,
    "end": 1648999926220,
    "duration": 1,
    "pid": 11936,
    "index": 71
  },
  {
    "name": "Before Start in node_modules/egg-redis/lib/redis.js:53:7",
    "start": 1648999926220,
    "end": 1648999926763,
    "duration": 543,
    "pid": 11936,
    "index": 72
  },
  {
    "name": "Before Start in app.js:4:7",
    "start": 1648999926220,
    "end": 1648999926725,
    "duration": 505,
    "pid": 11936,
    "index": 73
  },
  {
    "name": "Load Service",
    "start": 1648999926221,
    "end": 1648999926251,
    "duration": 30,
    "pid": 11936,
    "index": 74
  },
  {
    "name": "Load \"service\" to Context",
    "start": 1648999926221,
    "end": 1648999926251,
    "duration": 30,
    "pid": 11936,
    "index": 75
  },
  {
    "name": "Load Middleware",
    "start": 1648999926251,
    "end": 1648999926599,
    "duration": 348,
    "pid": 11936,
    "index": 76
  },
  {
    "name": "Load \"middlewares\" to Application",
    "start": 1648999926251,
    "end": 1648999926579,
    "duration": 328,
    "pid": 11936,
    "index": 77
  },
  {
    "name": "Load Controller",
    "start": 1648999926599,
    "end": 1648999926619,
    "duration": 20,
    "pid": 11936,
    "index": 78
  },
  {
    "name": "Load \"controller\" to Application",
    "start": 1648999926599,
    "end": 1648999926619,
    "duration": 20,
    "pid": 11936,
    "index": 79
  },
  {
    "name": "Load Router",
    "start": 1648999926619,
    "end": 1648999926634,
    "duration": 15,
    "pid": 11936,
    "index": 80
  },
  {
    "name": "Require(57) app/router.js",
    "start": 1648999926620,
    "end": 1648999926621,
    "duration": 1,
    "pid": 11936,
    "index": 81
  },
  {
    "name": "Before Start in node_modules/egg-core/lib/egg.js:303:10",
    "start": 1648999926621,
    "end": 1648999926725,
    "duration": 104,
    "pid": 11936,
    "index": 82
  }
]