[
  {
    "name": "Process Start",
    "start": 1648971078765,
    "end": 1648971083163,
    "duration": 4398,
    "pid": 6028,
    "index": 0
  },
  {
    "name": "Application Start",
    "start": 1648971083166,
    "end": 1648971087429,
    "duration": 4263,
    "pid": 6028,
    "index": 1
  },
  {
    "name": "Load Plugin",
    "start": 1648971083181,
    "end": 1648971083262,
    "duration": 81,
    "pid": 6028,
    "index": 2
  },
  {
    "name": "Load Config",
    "start": 1648971083262,
    "end": 1648971083335,
    "duration": 73,
    "pid": 6028,
    "index": 3
  },
  {
    "name": "Require(0) config/config.default.js",
    "start": 1648971083264,
    "end": 1648971083265,
    "duration": 1,
    "pid": 6028,
    "index": 4
  },
  {
    "name": "Require(1) node_modules/egg-session/config/config.default.js",
    "start": 1648971083270,
    "end": 1648971083271,
    "duration": 1,
    "pid": 6028,
    "index": 5
  },
  {
    "name": "Require(2) node_modules/egg-security/config/config.default.js",
    "start": 1648971083272,
    "end": 1648971083273,
    "duration": 1,
    "pid": 6028,
    "index": 6
  },
  {
    "name": "Require(3) node_modules/egg-jsonp/config/config.default.js",
    "start": 1648971083275,
    "end": 1648971083276,
    "duration": 1,
    "pid": 6028,
    "index": 7
  },
  {
    "name": "Require(4) node_modules/egg-onerror/config/config.default.js",
    "start": 1648971083277,
    "end": 1648971083279,
    "duration": 2,
    "pid": 6028,
    "index": 8
  },
  {
    "name": "Require(5) node_modules/egg-i18n/config/config.default.js",
    "start": 1648971083280,
    "end": 1648971083281,
    "duration": 1,
    "pid": 6028,
    "index": 9
  },
  {
    "name": "Require(6) node_modules/egg-watcher/config/config.default.js",
    "start": 1648971083283,
    "end": 1648971083284,
    "duration": 1,
    "pid": 6028,
    "index": 10
  },
  {
    "name": "Require(7) node_modules/egg-schedule/config/config.default.js",
    "start": 1648971083286,
    "end": 1648971083286,
    "duration": 0,
    "pid": 6028,
    "index": 11
  },
  {
    "name": "Require(8) node_modules/egg-multipart/config/config.default.js",
    "start": 1648971083288,
    "end": 1648971083289,
    "duration": 1,
    "pid": 6028,
    "index": 12
  },
  {
    "name": "Require(9) node_modules/egg-development/config/config.default.js",
    "start": 1648971083291,
    "end": 1648971083292,
    "duration": 1,
    "pid": 6028,
    "index": 13
  },
  {
    "name": "Require(10) node_modules/egg-logrotator/config/config.default.js",
    "start": 1648971083294,
    "end": 1648971083295,
    "duration": 1,
    "pid": 6028,
    "index": 14
  },
  {
    "name": "Require(11) node_modules/egg-static/config/config.default.js",
    "start": 1648971083296,
    "end": 1648971083297,
    "duration": 1,
    "pid": 6028,
    "index": 15
  },
  {
    "name": "Require(12) node_modules/egg-view/config/config.default.js",
    "start": 1648971083299,
    "end": 1648971083300,
    "duration": 1,
    "pid": 6028,
    "index": 16
  },
  {
    "name": "Require(13) node_modules/egg-sequelize/config/config.default.js",
    "start": 1648971083301,
    "end": 1648971083302,
    "duration": 1,
    "pid": 6028,
    "index": 17
  },
  {
    "name": "Require(14) node_modules/egg-redis/config/config.default.js",
    "start": 1648971083303,
    "end": 1648971083304,
    "duration": 1,
    "pid": 6028,
    "index": 18
  },
  {
    "name": "Require(15) node_modules/egg-validate/config/config.default.js",
    "start": 1648971083306,
    "end": 1648971083307,
    "duration": 1,
    "pid": 6028,
    "index": 19
  },
  {
    "name": "Require(16) node_modules/egg-cors/config/config.default.js",
    "start": 1648971083309,
    "end": 1648971083310,
    "duration": 1,
    "pid": 6028,
    "index": 20
  },
  {
    "name": "Require(17) node_modules/egg/config/config.default.js",
    "start": 1648971083311,
    "end": 1648971083312,
    "duration": 1,
    "pid": 6028,
    "index": 21
  },
  {
    "name": "Require(18) config/config.default.js",
    "start": 1648971083316,
    "end": 1648971083316,
    "duration": 0,
    "pid": 6028,
    "index": 22
  },
  {
    "name": "Require(19) node_modules/egg-security/config/config.local.js",
    "start": 1648971083318,
    "end": 1648971083319,
    "duration": 1,
    "pid": 6028,
    "index": 23
  },
  {
    "name": "Require(20) node_modules/egg-watcher/config/config.local.js",
    "start": 1648971083322,
    "end": 1648971083322,
    "duration": 0,
    "pid": 6028,
    "index": 24
  },
  {
    "name": "Require(21) node_modules/egg-view/config/config.local.js",
    "start": 1648971083327,
    "end": 1648971083329,
    "duration": 2,
    "pid": 6028,
    "index": 25
  },
  {
    "name": "Require(22) node_modules/egg/config/config.local.js",
    "start": 1648971083332,
    "end": 1648971083333,
    "duration": 1,
    "pid": 6028,
    "index": 26
  },
  {
    "name": "Load extend/application.js",
    "start": 1648971083338,
    "end": 1648971083514,
    "duration": 176,
    "pid": 6028,
    "index": 27
  },
  {
    "name": "Require(23) node_modules/egg-session/app/extend/application.js",
    "start": 1648971083340,
    "end": 1648971083341,
    "duration": 1,
    "pid": 6028,
    "index": 28
  },
  {
    "name": "Require(24) node_modules/egg-security/app/extend/application.js",
    "start": 1648971083343,
    "end": 1648971083346,
    "duration": 3,
    "pid": 6028,
    "index": 29
  },
  {
    "name": "Require(25) node_modules/egg-jsonp/app/extend/application.js",
    "start": 1648971083348,
    "end": 1648971083352,
    "duration": 4,
    "pid": 6028,
    "index": 30
  },
  {
    "name": "Require(26) node_modules/egg-logrotator/app/extend/application.js",
    "start": 1648971083357,
    "end": 1648971083362,
    "duration": 5,
    "pid": 6028,
    "index": 31
  },
  {
    "name": "Require(27) node_modules/egg-view/app/extend/application.js",
    "start": 1648971083434,
    "end": 1648971083495,
    "duration": 61,
    "pid": 6028,
    "index": 32
  },
  {
    "name": "Require(28) app/extend/application.js",
    "start": 1648971083500,
    "end": 1648971083503,
    "duration": 3,
    "pid": 6028,
    "index": 33
  },
  {
    "name": "Load extend/request.js",
    "start": 1648971083514,
    "end": 1648971083575,
    "duration": 61,
    "pid": 6028,
    "index": 34
  },
  {
    "name": "Require(29) node_modules/egg/app/extend/request.js",
    "start": 1648971083559,
    "end": 1648971083565,
    "duration": 6,
    "pid": 6028,
    "index": 35
  },
  {
    "name": "Load extend/response.js",
    "start": 1648971083575,
    "end": 1648971083646,
    "duration": 71,
    "pid": 6028,
    "index": 36
  },
  {
    "name": "Require(30) node_modules/egg/app/extend/response.js",
    "start": 1648971083586,
    "end": 1648971083594,
    "duration": 8,
    "pid": 6028,
    "index": 37
  },
  {
    "name": "Load extend/context.js",
    "start": 1648971083646,
    "end": 1648971083845,
    "duration": 199,
    "pid": 6028,
    "index": 38
  },
  {
    "name": "Require(31) node_modules/egg-security/app/extend/context.js",
    "start": 1648971083648,
    "end": 1648971083692,
    "duration": 44,
    "pid": 6028,
    "index": 39
  },
  {
    "name": "Require(32) node_modules/egg-jsonp/app/extend/context.js",
    "start": 1648971083693,
    "end": 1648971083696,
    "duration": 3,
    "pid": 6028,
    "index": 40
  },
  {
    "name": "Require(33) node_modules/egg-i18n/app/extend/context.js",
    "start": 1648971083698,
    "end": 1648971083699,
    "duration": 1,
    "pid": 6028,
    "index": 41
  },
  {
    "name": "Require(34) node_modules/egg-multipart/app/extend/context.js",
    "start": 1648971083701,
    "end": 1648971083822,
    "duration": 121,
    "pid": 6028,
    "index": 42
  },
  {
    "name": "Require(35) node_modules/egg-view/app/extend/context.js",
    "start": 1648971083824,
    "end": 1648971083826,
    "duration": 2,
    "pid": 6028,
    "index": 43
  },
  {
    "name": "Require(36) node_modules/egg-validate/app/extend/context.js",
    "start": 1648971083828,
    "end": 1648971083829,
    "duration": 1,
    "pid": 6028,
    "index": 44
  },
  {
    "name": "Require(37) node_modules/egg/app/extend/context.js",
    "start": 1648971083831,
    "end": 1648971083832,
    "duration": 1,
    "pid": 6028,
    "index": 45
  },
  {
    "name": "Require(38) app/extend/context.js",
    "start": 1648971083833,
    "end": 1648971083834,
    "duration": 1,
    "pid": 6028,
    "index": 46
  },
  {
    "name": "Load extend/helper.js",
    "start": 1648971083845,
    "end": 1648971084227,
    "duration": 382,
    "pid": 6028,
    "index": 47
  },
  {
    "name": "Require(39) node_modules/egg-security/app/extend/helper.js",
    "start": 1648971083846,
    "end": 1648971084031,
    "duration": 185,
    "pid": 6028,
    "index": 48
  },
  {
    "name": "Require(40) node_modules/egg/app/extend/helper.js",
    "start": 1648971084041,
    "end": 1648971084043,
    "duration": 2,
    "pid": 6028,
    "index": 49
  },
  {
    "name": "Require(41) app/extend/helper.js",
    "start": 1648971084043,
    "end": 1648971084217,
    "duration": 174,
    "pid": 6028,
    "index": 50
  },
  {
    "name": "Load app.js",
    "start": 1648971084228,
    "end": 1648971084568,
    "duration": 340,
    "pid": 6028,
    "index": 51
  },
  {
    "name": "Require(42) node_modules/egg-session/app.js",
    "start": 1648971084262,
    "end": 1648971084263,
    "duration": 1,
    "pid": 6028,
    "index": 52
  },
  {
    "name": "Require(43) node_modules/egg-security/app.js",
    "start": 1648971084264,
    "end": 1648971084268,
    "duration": 4,
    "pid": 6028,
    "index": 53
  },
  {
    "name": "Require(44) node_modules/egg-onerror/app.js",
    "start": 1648971084271,
    "end": 1648971084300,
    "duration": 29,
    "pid": 6028,
    "index": 54
  },
  {
    "name": "Require(45) node_modules/egg-i18n/app.js",
    "start": 1648971084302,
    "end": 1648971084511,
    "duration": 209,
    "pid": 6028,
    "index": 55
  },
  {
    "name": "Require(46) node_modules/egg-watcher/app.js",
    "start": 1648971084512,
    "end": 1648971084520,
    "duration": 8,
    "pid": 6028,
    "index": 56
  },
  {
    "name": "Require(47) node_modules/egg-schedule/app.js",
    "start": 1648971084521,
    "end": 1648971084525,
    "duration": 4,
    "pid": 6028,
    "index": 57
  },
  {
    "name": "Require(48) node_modules/egg-multipart/app.js",
    "start": 1648971084526,
    "end": 1648971084537,
    "duration": 11,
    "pid": 6028,
    "index": 58
  },
  {
    "name": "Require(49) node_modules/egg-development/app.js",
    "start": 1648971084539,
    "end": 1648971084539,
    "duration": 0,
    "pid": 6028,
    "index": 59
  },
  {
    "name": "Require(50) node_modules/egg-logrotator/app.js",
    "start": 1648971084541,
    "end": 1648971084542,
    "duration": 1,
    "pid": 6028,
    "index": 60
  },
  {
    "name": "Require(51) node_modules/egg-static/app.js",
    "start": 1648971084543,
    "end": 1648971084544,
    "duration": 1,
    "pid": 6028,
    "index": 61
  },
  {
    "name": "Require(52) node_modules/egg-sequelize/app.js",
    "start": 1648971084546,
    "end": 1648971084546,
    "duration": 0,
    "pid": 6028,
    "index": 62
  },
  {
    "name": "Require(53) node_modules/egg-redis/app.js",
    "start": 1648971084547,
    "end": 1648971084550,
    "duration": 3,
    "pid": 6028,
    "index": 63
  },
  {
    "name": "Require(54) node_modules/egg-validate/app.js",
    "start": 1648971084552,
    "end": 1648971084562,
    "duration": 10,
    "pid": 6028,
    "index": 64
  },
  {
    "name": "Require(55) node_modules/egg-cors/app.js",
    "start": 1648971084564,
    "end": 1648971084565,
    "duration": 1,
    "pid": 6028,
    "index": 65
  },
  {
    "name": "Require(56) app.js",
    "start": 1648971084567,
    "end": 1648971084568,
    "duration": 1,
    "pid": 6028,
    "index": 66
  },
  {
    "name": "Before Start in node_modules/egg-watcher/lib/init.js:15:14",
    "start": 1648971084691,
    "end": 1648971087371,
    "duration": 2680,
    "pid": 6028,
    "index": 67
  },
  {
    "name": "Load \"Symbol(model)\" to Application",
    "start": 1648971085930,
    "end": 1648971085986,
    "duration": 56,
    "pid": 6028,
    "index": 68
  },
  {
    "name": "Before Start in node_modules/egg-sequelize/lib/loader.js:39:7",
    "start": 1648971085997,
    "end": 1648971087428,
    "duration": 1431,
    "pid": 6028,
    "index": 69
  },
  {
    "name": "Before Start in node_modules/egg-redis/lib/redis.js:53:7",
    "start": 1648971086932,
    "end": 1648971086933,
    "duration": 1,
    "pid": 6028,
    "index": 70
  },
  {
    "name": "Before Start in node_modules/egg-redis/lib/redis.js:53:7",
    "start": 1648971086933,
    "end": 1648971086934,
    "duration": 1,
    "pid": 6028,
    "index": 71
  },
  {
    "name": "Before Start in node_modules/egg-redis/lib/redis.js:53:7",
    "start": 1648971086934,
    "end": 1648971087366,
    "duration": 432,
    "pid": 6028,
    "index": 72
  },
  {
    "name": "Before Start in app.js:4:7",
    "start": 1648971086934,
    "end": 1648971087297,
    "duration": 363,
    "pid": 6028,
    "index": 73
  },
  {
    "name": "Load Service",
    "start": 1648971086935,
    "end": 1648971087026,
    "duration": 91,
    "pid": 6028,
    "index": 74
  },
  {
    "name": "Load \"service\" to Context",
    "start": 1648971086935,
    "end": 1648971087026,
    "duration": 91,
    "pid": 6028,
    "index": 75
  },
  {
    "name": "Load Middleware",
    "start": 1648971087026,
    "end": 1648971087247,
    "duration": 221,
    "pid": 6028,
    "index": 76
  },
  {
    "name": "Load \"middlewares\" to Application",
    "start": 1648971087026,
    "end": 1648971087227,
    "duration": 201,
    "pid": 6028,
    "index": 77
  },
  {
    "name": "Load Controller",
    "start": 1648971087247,
    "end": 1648971087262,
    "duration": 15,
    "pid": 6028,
    "index": 78
  },
  {
    "name": "Load \"controller\" to Application",
    "start": 1648971087247,
    "end": 1648971087262,
    "duration": 15,
    "pid": 6028,
    "index": 79
  },
  {
    "name": "Load Router",
    "start": 1648971087262,
    "end": 1648971087273,
    "duration": 11,
    "pid": 6028,
    "index": 80
  },
  {
    "name": "Require(57) app/router.js",
    "start": 1648971087263,
    "end": 1648971087263,
    "duration": 0,
    "pid": 6028,
    "index": 81
  },
  {
    "name": "Before Start in node_modules/egg-core/lib/egg.js:303:10",
    "start": 1648971087264,
    "end": 1648971087297,
    "duration": 33,
    "pid": 6028,
    "index": 82
  }
]