[
  {
    "name": "Process Start",
    "start": 1644819497301,
    "end": 1644819499448,
    "duration": 2147,
    "pid": 2216,
    "index": 0
  },
  {
    "name": "Application Start",
    "start": 1644819499450,
    "end": 1644819501494,
    "duration": 2044,
    "pid": 2216,
    "index": 1
  },
  {
    "name": "Load Plugin",
    "start": 1644819499462,
    "end": 1644819499525,
    "duration": 63,
    "pid": 2216,
    "index": 2
  },
  {
    "name": "Load Config",
    "start": 1644819499525,
    "end": 1644819499576,
    "duration": 51,
    "pid": 2216,
    "index": 3
  },
  {
    "name": "Require(0) config/config.default.js",
    "start": 1644819499526,
    "end": 1644819499527,
    "duration": 1,
    "pid": 2216,
    "index": 4
  },
  {
    "name": "Require(1) node_modules/egg-session/config/config.default.js",
    "start": 1644819499530,
    "end": 1644819499532,
    "duration": 2,
    "pid": 2216,
    "index": 5
  },
  {
    "name": "Require(2) node_modules/egg-security/config/config.default.js",
    "start": 1644819499533,
    "end": 1644819499534,
    "duration": 1,
    "pid": 2216,
    "index": 6
  },
  {
    "name": "Require(3) node_modules/egg-jsonp/config/config.default.js",
    "start": 1644819499536,
    "end": 1644819499537,
    "duration": 1,
    "pid": 2216,
    "index": 7
  },
  {
    "name": "Require(4) node_modules/egg-onerror/config/config.default.js",
    "start": 1644819499538,
    "end": 1644819499539,
    "duration": 1,
    "pid": 2216,
    "index": 8
  },
  {
    "name": "Require(5) node_modules/egg-i18n/config/config.default.js",
    "start": 1644819499540,
    "end": 1644819499541,
    "duration": 1,
    "pid": 2216,
    "index": 9
  },
  {
    "name": "Require(6) node_modules/egg-watcher/config/config.default.js",
    "start": 1644819499543,
    "end": 1644819499544,
    "duration": 1,
    "pid": 2216,
    "index": 10
  },
  {
    "name": "Require(7) node_modules/egg-schedule/config/config.default.js",
    "start": 1644819499545,
    "end": 1644819499546,
    "duration": 1,
    "pid": 2216,
    "index": 11
  },
  {
    "name": "Require(8) node_modules/egg-multipart/config/config.default.js",
    "start": 1644819499548,
    "end": 1644819499549,
    "duration": 1,
    "pid": 2216,
    "index": 12
  },
  {
    "name": "Require(9) node_modules/egg-development/config/config.default.js",
    "start": 1644819499551,
    "end": 1644819499552,
    "duration": 1,
    "pid": 2216,
    "index": 13
  },
  {
    "name": "Require(10) node_modules/egg-logrotator/config/config.default.js",
    "start": 1644819499553,
    "end": 1644819499554,
    "duration": 1,
    "pid": 2216,
    "index": 14
  },
  {
    "name": "Require(11) node_modules/egg-static/config/config.default.js",
    "start": 1644819499556,
    "end": 1644819499557,
    "duration": 1,
    "pid": 2216,
    "index": 15
  },
  {
    "name": "Require(12) node_modules/egg-view/config/config.default.js",
    "start": 1644819499558,
    "end": 1644819499559,
    "duration": 1,
    "pid": 2216,
    "index": 16
  },
  {
    "name": "Require(13) node_modules/egg-sequelize/config/config.default.js",
    "start": 1644819499560,
    "end": 1644819499561,
    "duration": 1,
    "pid": 2216,
    "index": 17
  },
  {
    "name": "Require(14) node_modules/egg-validate/config/config.default.js",
    "start": 1644819499562,
    "end": 1644819499563,
    "duration": 1,
    "pid": 2216,
    "index": 18
  },
  {
    "name": "Require(15) node_modules/egg-cors/config/config.default.js",
    "start": 1644819499564,
    "end": 1644819499565,
    "duration": 1,
    "pid": 2216,
    "index": 19
  },
  {
    "name": "Require(16) node_modules/egg/config/config.default.js",
    "start": 1644819499566,
    "end": 1644819499567,
    "duration": 1,
    "pid": 2216,
    "index": 20
  },
  {
    "name": "Require(17) config/config.default.js",
    "start": 1644819499569,
    "end": 1644819499569,
    "duration": 0,
    "pid": 2216,
    "index": 21
  },
  {
    "name": "Require(18) node_modules/egg-security/config/config.local.js",
    "start": 1644819499570,
    "end": 1644819499571,
    "duration": 1,
    "pid": 2216,
    "index": 22
  },
  {
    "name": "Require(19) node_modules/egg-watcher/config/config.local.js",
    "start": 1644819499572,
    "end": 1644819499572,
    "duration": 0,
    "pid": 2216,
    "index": 23
  },
  {
    "name": "Require(20) node_modules/egg-view/config/config.local.js",
    "start": 1644819499574,
    "end": 1644819499574,
    "duration": 0,
    "pid": 2216,
    "index": 24
  },
  {
    "name": "Require(21) node_modules/egg/config/config.local.js",
    "start": 1644819499576,
    "end": 1644819499576,
    "duration": 0,
    "pid": 2216,
    "index": 25
  },
  {
    "name": "Load extend/application.js",
    "start": 1644819499578,
    "end": 1644819499613,
    "duration": 35,
    "pid": 2216,
    "index": 26
  },
  {
    "name": "Require(22) node_modules/egg-session/app/extend/application.js",
    "start": 1644819499580,
    "end": 1644819499582,
    "duration": 2,
    "pid": 2216,
    "index": 27
  },
  {
    "name": "Require(23) node_modules/egg-security/app/extend/application.js",
    "start": 1644819499583,
    "end": 1644819499586,
    "duration": 3,
    "pid": 2216,
    "index": 28
  },
  {
    "name": "Require(24) node_modules/egg-jsonp/app/extend/application.js",
    "start": 1644819499587,
    "end": 1644819499590,
    "duration": 3,
    "pid": 2216,
    "index": 29
  },
  {
    "name": "Require(25) node_modules/egg-logrotator/app/extend/application.js",
    "start": 1644819499594,
    "end": 1644819499598,
    "duration": 4,
    "pid": 2216,
    "index": 30
  },
  {
    "name": "Require(26) node_modules/egg-view/app/extend/application.js",
    "start": 1644819499600,
    "end": 1644819499604,
    "duration": 4,
    "pid": 2216,
    "index": 31
  },
  {
    "name": "Load extend/request.js",
    "start": 1644819499613,
    "end": 1644819499627,
    "duration": 14,
    "pid": 2216,
    "index": 32
  },
  {
    "name": "Require(27) node_modules/egg/app/extend/request.js",
    "start": 1644819499618,
    "end": 1644819499619,
    "duration": 1,
    "pid": 2216,
    "index": 33
  },
  {
    "name": "Load extend/response.js",
    "start": 1644819499627,
    "end": 1644819499642,
    "duration": 15,
    "pid": 2216,
    "index": 34
  },
  {
    "name": "Require(28) node_modules/egg/app/extend/response.js",
    "start": 1644819499634,
    "end": 1644819499638,
    "duration": 4,
    "pid": 2216,
    "index": 35
  },
  {
    "name": "Load extend/context.js",
    "start": 1644819499642,
    "end": 1644819499790,
    "duration": 148,
    "pid": 2216,
    "index": 36
  },
  {
    "name": "Require(29) node_modules/egg-security/app/extend/context.js",
    "start": 1644819499642,
    "end": 1644819499656,
    "duration": 14,
    "pid": 2216,
    "index": 37
  },
  {
    "name": "Require(30) node_modules/egg-jsonp/app/extend/context.js",
    "start": 1644819499657,
    "end": 1644819499659,
    "duration": 2,
    "pid": 2216,
    "index": 38
  },
  {
    "name": "Require(31) node_modules/egg-i18n/app/extend/context.js",
    "start": 1644819499661,
    "end": 1644819499662,
    "duration": 1,
    "pid": 2216,
    "index": 39
  },
  {
    "name": "Require(32) node_modules/egg-multipart/app/extend/context.js",
    "start": 1644819499663,
    "end": 1644819499772,
    "duration": 109,
    "pid": 2216,
    "index": 40
  },
  {
    "name": "Require(33) node_modules/egg-view/app/extend/context.js",
    "start": 1644819499774,
    "end": 1644819499776,
    "duration": 2,
    "pid": 2216,
    "index": 41
  },
  {
    "name": "Require(34) node_modules/egg-validate/app/extend/context.js",
    "start": 1644819499777,
    "end": 1644819499778,
    "duration": 1,
    "pid": 2216,
    "index": 42
  },
  {
    "name": "Require(35) node_modules/egg/app/extend/context.js",
    "start": 1644819499779,
    "end": 1644819499781,
    "duration": 2,
    "pid": 2216,
    "index": 43
  },
  {
    "name": "Require(36) app/extend/context.js",
    "start": 1644819499782,
    "end": 1644819499783,
    "duration": 1,
    "pid": 2216,
    "index": 44
  },
  {
    "name": "Load extend/helper.js",
    "start": 1644819499791,
    "end": 1644819499906,
    "duration": 115,
    "pid": 2216,
    "index": 45
  },
  {
    "name": "Require(37) node_modules/egg-security/app/extend/helper.js",
    "start": 1644819499793,
    "end": 1644819499839,
    "duration": 46,
    "pid": 2216,
    "index": 46
  },
  {
    "name": "Require(38) node_modules/egg/app/extend/helper.js",
    "start": 1644819499844,
    "end": 1644819499845,
    "duration": 1,
    "pid": 2216,
    "index": 47
  },
  {
    "name": "Require(39) app/extend/helper.js",
    "start": 1644819499845,
    "end": 1644819499900,
    "duration": 55,
    "pid": 2216,
    "index": 48
  },
  {
    "name": "Load app.js",
    "start": 1644819499907,
    "end": 1644819500023,
    "duration": 116,
    "pid": 2216,
    "index": 49
  },
  {
    "name": "Require(40) node_modules/egg-session/app.js",
    "start": 1644819499908,
    "end": 1644819499909,
    "duration": 1,
    "pid": 2216,
    "index": 50
  },
  {
    "name": "Require(41) node_modules/egg-security/app.js",
    "start": 1644819499910,
    "end": 1644819499914,
    "duration": 4,
    "pid": 2216,
    "index": 51
  },
  {
    "name": "Require(42) node_modules/egg-onerror/app.js",
    "start": 1644819499916,
    "end": 1644819499938,
    "duration": 22,
    "pid": 2216,
    "index": 52
  },
  {
    "name": "Require(43) node_modules/egg-i18n/app.js",
    "start": 1644819499939,
    "end": 1644819499991,
    "duration": 52,
    "pid": 2216,
    "index": 53
  },
  {
    "name": "Require(44) node_modules/egg-watcher/app.js",
    "start": 1644819499992,
    "end": 1644819499998,
    "duration": 6,
    "pid": 2216,
    "index": 54
  },
  {
    "name": "Require(45) node_modules/egg-schedule/app.js",
    "start": 1644819499999,
    "end": 1644819500003,
    "duration": 4,
    "pid": 2216,
    "index": 55
  },
  {
    "name": "Require(46) node_modules/egg-multipart/app.js",
    "start": 1644819500004,
    "end": 1644819500005,
    "duration": 1,
    "pid": 2216,
    "index": 56
  },
  {
    "name": "Require(47) node_modules/egg-development/app.js",
    "start": 1644819500007,
    "end": 1644819500008,
    "duration": 1,
    "pid": 2216,
    "index": 57
  },
  {
    "name": "Require(48) node_modules/egg-logrotator/app.js",
    "start": 1644819500009,
    "end": 1644819500009,
    "duration": 0,
    "pid": 2216,
    "index": 58
  },
  {
    "name": "Require(49) node_modules/egg-static/app.js",
    "start": 1644819500011,
    "end": 1644819500011,
    "duration": 0,
    "pid": 2216,
    "index": 59
  },
  {
    "name": "Require(50) node_modules/egg-sequelize/app.js",
    "start": 1644819500013,
    "end": 1644819500013,
    "duration": 0,
    "pid": 2216,
    "index": 60
  },
  {
    "name": "Require(51) node_modules/egg-validate/app.js",
    "start": 1644819500014,
    "end": 1644819500019,
    "duration": 5,
    "pid": 2216,
    "index": 61
  },
  {
    "name": "Require(52) node_modules/egg-cors/app.js",
    "start": 1644819500020,
    "end": 1644819500021,
    "duration": 1,
    "pid": 2216,
    "index": 62
  },
  {
    "name": "Before Start in node_modules/egg-watcher/lib/init.js:15:14",
    "start": 1644819500071,
    "end": 1644819501419,
    "duration": 1348,
    "pid": 2216,
    "index": 63
  },
  {
    "name": "Load \"Symbol(model)\" to Application",
    "start": 1644819500903,
    "end": 1644819500956,
    "duration": 53,
    "pid": 2216,
    "index": 64
  },
  {
    "name": "Before Start in node_modules/egg-sequelize/lib/loader.js:39:7",
    "start": 1644819500970,
    "end": 1644819501493,
    "duration": 523,
    "pid": 2216,
    "index": 65
  },
  {
    "name": "Load Service",
    "start": 1644819500971,
    "end": 1644819501001,
    "duration": 30,
    "pid": 2216,
    "index": 66
  },
  {
    "name": "Load \"service\" to Context",
    "start": 1644819500971,
    "end": 1644819501001,
    "duration": 30,
    "pid": 2216,
    "index": 67
  },
  {
    "name": "Load Middleware",
    "start": 1644819501001,
    "end": 1644819501259,
    "duration": 258,
    "pid": 2216,
    "index": 68
  },
  {
    "name": "Load \"middlewares\" to Application",
    "start": 1644819501002,
    "end": 1644819501241,
    "duration": 239,
    "pid": 2216,
    "index": 69
  },
  {
    "name": "Load Controller",
    "start": 1644819501259,
    "end": 1644819501280,
    "duration": 21,
    "pid": 2216,
    "index": 70
  },
  {
    "name": "Load \"controller\" to Application",
    "start": 1644819501259,
    "end": 1644819501280,
    "duration": 21,
    "pid": 2216,
    "index": 71
  },
  {
    "name": "Load Router",
    "start": 1644819501281,
    "end": 1644819501299,
    "duration": 18,
    "pid": 2216,
    "index": 72
  },
  {
    "name": "Require(53) app/router.js",
    "start": 1644819501282,
    "end": 1644819501283,
    "duration": 1,
    "pid": 2216,
    "index": 73
  },
  {
    "name": "Before Start in node_modules/egg-core/lib/egg.js:303:10",
    "start": 1644819501283,
    "end": 1644819501335,
    "duration": 52,
    "pid": 2216,
    "index": 74
  }
]