[
  {
    "name": "Process Start",
    "start": 1648972738556,
    "end": 1648972743543,
    "duration": 4987,
    "pid": 7272,
    "index": 0
  },
  {
    "name": "Application Start",
    "start": 1648972743545,
    "end": 1648972746623,
    "duration": 3078,
    "pid": 7272,
    "index": 1
  },
  {
    "name": "Load Plugin",
    "start": 1648972743562,
    "end": 1648972743674,
    "duration": 112,
    "pid": 7272,
    "index": 2
  },
  {
    "name": "Load Config",
    "start": 1648972743674,
    "end": 1648972743746,
    "duration": 72,
    "pid": 7272,
    "index": 3
  },
  {
    "name": "Require(0) config/config.default.js",
    "start": 1648972743676,
    "end": 1648972743678,
    "duration": 2,
    "pid": 7272,
    "index": 4
  },
  {
    "name": "Require(1) node_modules/egg-session/config/config.default.js",
    "start": 1648972743682,
    "end": 1648972743683,
    "duration": 1,
    "pid": 7272,
    "index": 5
  },
  {
    "name": "Require(2) node_modules/egg-security/config/config.default.js",
    "start": 1648972743684,
    "end": 1648972743686,
    "duration": 2,
    "pid": 7272,
    "index": 6
  },
  {
    "name": "Require(3) node_modules/egg-jsonp/config/config.default.js",
    "start": 1648972743690,
    "end": 1648972743690,
    "duration": 0,
    "pid": 7272,
    "index": 7
  },
  {
    "name": "Require(4) node_modules/egg-onerror/config/config.default.js",
    "start": 1648972743692,
    "end": 1648972743693,
    "duration": 1,
    "pid": 7272,
    "index": 8
  },
  {
    "name": "Require(5) node_modules/egg-i18n/config/config.default.js",
    "start": 1648972743695,
    "end": 1648972743697,
    "duration": 2,
    "pid": 7272,
    "index": 9
  },
  {
    "name": "Require(6) node_modules/egg-watcher/config/config.default.js",
    "start": 1648972743698,
    "end": 1648972743700,
    "duration": 2,
    "pid": 7272,
    "index": 10
  },
  {
    "name": "Require(7) node_modules/egg-schedule/config/config.default.js",
    "start": 1648972743701,
    "end": 1648972743702,
    "duration": 1,
    "pid": 7272,
    "index": 11
  },
  {
    "name": "Require(8) node_modules/egg-multipart/config/config.default.js",
    "start": 1648972743704,
    "end": 1648972743705,
    "duration": 1,
    "pid": 7272,
    "index": 12
  },
  {
    "name": "Require(9) node_modules/egg-development/config/config.default.js",
    "start": 1648972743708,
    "end": 1648972743710,
    "duration": 2,
    "pid": 7272,
    "index": 13
  },
  {
    "name": "Require(10) node_modules/egg-logrotator/config/config.default.js",
    "start": 1648972743712,
    "end": 1648972743713,
    "duration": 1,
    "pid": 7272,
    "index": 14
  },
  {
    "name": "Require(11) node_modules/egg-static/config/config.default.js",
    "start": 1648972743715,
    "end": 1648972743717,
    "duration": 2,
    "pid": 7272,
    "index": 15
  },
  {
    "name": "Require(12) node_modules/egg-view/config/config.default.js",
    "start": 1648972743720,
    "end": 1648972743721,
    "duration": 1,
    "pid": 7272,
    "index": 16
  },
  {
    "name": "Require(13) node_modules/egg-sequelize/config/config.default.js",
    "start": 1648972743722,
    "end": 1648972743723,
    "duration": 1,
    "pid": 7272,
    "index": 17
  },
  {
    "name": "Require(14) node_modules/egg-redis/config/config.default.js",
    "start": 1648972743724,
    "end": 1648972743725,
    "duration": 1,
    "pid": 7272,
    "index": 18
  },
  {
    "name": "Require(15) node_modules/egg-validate/config/config.default.js",
    "start": 1648972743726,
    "end": 1648972743727,
    "duration": 1,
    "pid": 7272,
    "index": 19
  },
  {
    "name": "Require(16) node_modules/egg-cors/config/config.default.js",
    "start": 1648972743728,
    "end": 1648972743729,
    "duration": 1,
    "pid": 7272,
    "index": 20
  },
  {
    "name": "Require(17) node_modules/egg/config/config.default.js",
    "start": 1648972743730,
    "end": 1648972743731,
    "duration": 1,
    "pid": 7272,
    "index": 21
  },
  {
    "name": "Require(18) config/config.default.js",
    "start": 1648972743734,
    "end": 1648972743734,
    "duration": 0,
    "pid": 7272,
    "index": 22
  },
  {
    "name": "Require(19) node_modules/egg-security/config/config.local.js",
    "start": 1648972743735,
    "end": 1648972743736,
    "duration": 1,
    "pid": 7272,
    "index": 23
  },
  {
    "name": "Require(20) node_modules/egg-watcher/config/config.local.js",
    "start": 1648972743738,
    "end": 1648972743738,
    "duration": 0,
    "pid": 7272,
    "index": 24
  },
  {
    "name": "Require(21) node_modules/egg-view/config/config.local.js",
    "start": 1648972743740,
    "end": 1648972743742,
    "duration": 2,
    "pid": 7272,
    "index": 25
  },
  {
    "name": "Require(22) node_modules/egg/config/config.local.js",
    "start": 1648972743745,
    "end": 1648972743745,
    "duration": 0,
    "pid": 7272,
    "index": 26
  },
  {
    "name": "Load extend/application.js",
    "start": 1648972743748,
    "end": 1648972743785,
    "duration": 37,
    "pid": 7272,
    "index": 27
  },
  {
    "name": "Require(23) node_modules/egg-session/app/extend/application.js",
    "start": 1648972743749,
    "end": 1648972743750,
    "duration": 1,
    "pid": 7272,
    "index": 28
  },
  {
    "name": "Require(24) node_modules/egg-security/app/extend/application.js",
    "start": 1648972743752,
    "end": 1648972743756,
    "duration": 4,
    "pid": 7272,
    "index": 29
  },
  {
    "name": "Require(25) node_modules/egg-jsonp/app/extend/application.js",
    "start": 1648972743758,
    "end": 1648972743763,
    "duration": 5,
    "pid": 7272,
    "index": 30
  },
  {
    "name": "Require(26) node_modules/egg-logrotator/app/extend/application.js",
    "start": 1648972743767,
    "end": 1648972743771,
    "duration": 4,
    "pid": 7272,
    "index": 31
  },
  {
    "name": "Require(27) node_modules/egg-view/app/extend/application.js",
    "start": 1648972743772,
    "end": 1648972743775,
    "duration": 3,
    "pid": 7272,
    "index": 32
  },
  {
    "name": "Require(28) app/extend/application.js",
    "start": 1648972743778,
    "end": 1648972743779,
    "duration": 1,
    "pid": 7272,
    "index": 33
  },
  {
    "name": "Load extend/request.js",
    "start": 1648972743785,
    "end": 1648972743802,
    "duration": 17,
    "pid": 7272,
    "index": 34
  },
  {
    "name": "Require(29) node_modules/egg/app/extend/request.js",
    "start": 1648972743794,
    "end": 1648972743796,
    "duration": 2,
    "pid": 7272,
    "index": 35
  },
  {
    "name": "Load extend/response.js",
    "start": 1648972743803,
    "end": 1648972743822,
    "duration": 19,
    "pid": 7272,
    "index": 36
  },
  {
    "name": "Require(30) node_modules/egg/app/extend/response.js",
    "start": 1648972743809,
    "end": 1648972743813,
    "duration": 4,
    "pid": 7272,
    "index": 37
  },
  {
    "name": "Load extend/context.js",
    "start": 1648972743822,
    "end": 1648972744079,
    "duration": 257,
    "pid": 7272,
    "index": 38
  },
  {
    "name": "Require(31) node_modules/egg-security/app/extend/context.js",
    "start": 1648972743824,
    "end": 1648972743850,
    "duration": 26,
    "pid": 7272,
    "index": 39
  },
  {
    "name": "Require(32) node_modules/egg-jsonp/app/extend/context.js",
    "start": 1648972743851,
    "end": 1648972743855,
    "duration": 4,
    "pid": 7272,
    "index": 40
  },
  {
    "name": "Require(33) node_modules/egg-i18n/app/extend/context.js",
    "start": 1648972743857,
    "end": 1648972743858,
    "duration": 1,
    "pid": 7272,
    "index": 41
  },
  {
    "name": "Require(34) node_modules/egg-multipart/app/extend/context.js",
    "start": 1648972743870,
    "end": 1648972744064,
    "duration": 194,
    "pid": 7272,
    "index": 42
  },
  {
    "name": "Require(35) node_modules/egg-view/app/extend/context.js",
    "start": 1648972744065,
    "end": 1648972744068,
    "duration": 3,
    "pid": 7272,
    "index": 43
  },
  {
    "name": "Require(36) node_modules/egg-validate/app/extend/context.js",
    "start": 1648972744070,
    "end": 1648972744071,
    "duration": 1,
    "pid": 7272,
    "index": 44
  },
  {
    "name": "Require(37) node_modules/egg/app/extend/context.js",
    "start": 1648972744072,
    "end": 1648972744073,
    "duration": 1,
    "pid": 7272,
    "index": 45
  },
  {
    "name": "Require(38) app/extend/context.js",
    "start": 1648972744074,
    "end": 1648972744074,
    "duration": 0,
    "pid": 7272,
    "index": 46
  },
  {
    "name": "Load extend/helper.js",
    "start": 1648972744080,
    "end": 1648972744189,
    "duration": 109,
    "pid": 7272,
    "index": 47
  },
  {
    "name": "Require(39) node_modules/egg-security/app/extend/helper.js",
    "start": 1648972744081,
    "end": 1648972744128,
    "duration": 47,
    "pid": 7272,
    "index": 48
  },
  {
    "name": "Require(40) node_modules/egg/app/extend/helper.js",
    "start": 1648972744135,
    "end": 1648972744136,
    "duration": 1,
    "pid": 7272,
    "index": 49
  },
  {
    "name": "Require(41) app/extend/helper.js",
    "start": 1648972744137,
    "end": 1648972744184,
    "duration": 47,
    "pid": 7272,
    "index": 50
  },
  {
    "name": "Load app.js",
    "start": 1648972744189,
    "end": 1648972744283,
    "duration": 94,
    "pid": 7272,
    "index": 51
  },
  {
    "name": "Require(42) node_modules/egg-session/app.js",
    "start": 1648972744191,
    "end": 1648972744192,
    "duration": 1,
    "pid": 7272,
    "index": 52
  },
  {
    "name": "Require(43) node_modules/egg-security/app.js",
    "start": 1648972744193,
    "end": 1648972744196,
    "duration": 3,
    "pid": 7272,
    "index": 53
  },
  {
    "name": "Require(44) node_modules/egg-onerror/app.js",
    "start": 1648972744198,
    "end": 1648972744218,
    "duration": 20,
    "pid": 7272,
    "index": 54
  },
  {
    "name": "Require(45) node_modules/egg-i18n/app.js",
    "start": 1648972744219,
    "end": 1648972744252,
    "duration": 33,
    "pid": 7272,
    "index": 55
  },
  {
    "name": "Require(46) node_modules/egg-watcher/app.js",
    "start": 1648972744253,
    "end": 1648972744261,
    "duration": 8,
    "pid": 7272,
    "index": 56
  },
  {
    "name": "Require(47) node_modules/egg-schedule/app.js",
    "start": 1648972744261,
    "end": 1648972744264,
    "duration": 3,
    "pid": 7272,
    "index": 57
  },
  {
    "name": "Require(48) node_modules/egg-multipart/app.js",
    "start": 1648972744265,
    "end": 1648972744266,
    "duration": 1,
    "pid": 7272,
    "index": 58
  },
  {
    "name": "Require(49) node_modules/egg-development/app.js",
    "start": 1648972744267,
    "end": 1648972744268,
    "duration": 1,
    "pid": 7272,
    "index": 59
  },
  {
    "name": "Require(50) node_modules/egg-logrotator/app.js",
    "start": 1648972744268,
    "end": 1648972744269,
    "duration": 1,
    "pid": 7272,
    "index": 60
  },
  {
    "name": "Require(51) node_modules/egg-static/app.js",
    "start": 1648972744270,
    "end": 1648972744270,
    "duration": 0,
    "pid": 7272,
    "index": 61
  },
  {
    "name": "Require(52) node_modules/egg-sequelize/app.js",
    "start": 1648972744271,
    "end": 1648972744271,
    "duration": 0,
    "pid": 7272,
    "index": 62
  },
  {
    "name": "Require(53) node_modules/egg-redis/app.js",
    "start": 1648972744272,
    "end": 1648972744275,
    "duration": 3,
    "pid": 7272,
    "index": 63
  },
  {
    "name": "Require(54) node_modules/egg-validate/app.js",
    "start": 1648972744275,
    "end": 1648972744279,
    "duration": 4,
    "pid": 7272,
    "index": 64
  },
  {
    "name": "Require(55) node_modules/egg-cors/app.js",
    "start": 1648972744280,
    "end": 1648972744281,
    "duration": 1,
    "pid": 7272,
    "index": 65
  },
  {
    "name": "Require(56) app.js",
    "start": 1648972744282,
    "end": 1648972744283,
    "duration": 1,
    "pid": 7272,
    "index": 66
  },
  {
    "name": "Before Start in node_modules/egg-watcher/lib/init.js:15:14",
    "start": 1648972744355,
    "end": 1648972746586,
    "duration": 2231,
    "pid": 7272,
    "index": 67
  },
  {
    "name": "Load \"Symbol(model)\" to Application",
    "start": 1648972745617,
    "end": 1648972745681,
    "duration": 64,
    "pid": 7272,
    "index": 68
  },
  {
    "name": "Before Start in node_modules/egg-sequelize/lib/loader.js:39:7",
    "start": 1648972745695,
    "end": 1648972746621,
    "duration": 926,
    "pid": 7272,
    "index": 69
  },
  {
    "name": "Before Start in node_modules/egg-redis/lib/redis.js:53:7",
    "start": 1648972745849,
    "end": 1648972745850,
    "duration": 1,
    "pid": 7272,
    "index": 70
  },
  {
    "name": "Before Start in node_modules/egg-redis/lib/redis.js:53:7",
    "start": 1648972745850,
    "end": 1648972745851,
    "duration": 1,
    "pid": 7272,
    "index": 71
  },
  {
    "name": "Before Start in node_modules/egg-redis/lib/redis.js:53:7",
    "start": 1648972745851,
    "end": 1648972746578,
    "duration": 727,
    "pid": 7272,
    "index": 72
  },
  {
    "name": "Before Start in app.js:4:7",
    "start": 1648972745852,
    "end": 1648972746443,
    "duration": 591,
    "pid": 7272,
    "index": 73
  },
  {
    "name": "Load Service",
    "start": 1648972745852,
    "end": 1648972745884,
    "duration": 32,
    "pid": 7272,
    "index": 74
  },
  {
    "name": "Load \"service\" to Context",
    "start": 1648972745852,
    "end": 1648972745884,
    "duration": 32,
    "pid": 7272,
    "index": 75
  },
  {
    "name": "Load Middleware",
    "start": 1648972745884,
    "end": 1648972746265,
    "duration": 381,
    "pid": 7272,
    "index": 76
  },
  {
    "name": "Load \"middlewares\" to Application",
    "start": 1648972745885,
    "end": 1648972746230,
    "duration": 345,
    "pid": 7272,
    "index": 77
  },
  {
    "name": "Load Controller",
    "start": 1648972746265,
    "end": 1648972746313,
    "duration": 48,
    "pid": 7272,
    "index": 78
  },
  {
    "name": "Load \"controller\" to Application",
    "start": 1648972746265,
    "end": 1648972746313,
    "duration": 48,
    "pid": 7272,
    "index": 79
  },
  {
    "name": "Load Router",
    "start": 1648972746313,
    "end": 1648972746332,
    "duration": 19,
    "pid": 7272,
    "index": 80
  },
  {
    "name": "Require(57) app/router.js",
    "start": 1648972746314,
    "end": 1648972746315,
    "duration": 1,
    "pid": 7272,
    "index": 81
  },
  {
    "name": "Before Start in node_modules/egg-core/lib/egg.js:303:10",
    "start": 1648972746315,
    "end": 1648972746443,
    "duration": 128,
    "pid": 7272,
    "index": 82
  }
]